feature,level,train_share_pct,kept
home_ownership,MORTGAGE,47.07,True
home_ownership,RENT,42.94,True
home_ownership,OWN,9.98,True
home_ownership,ANY,0.0,False
verification_status,Not Verified,36.2,True
verification_status,Source Verified,34.2,True
verification_status,Verified,29.6,True
purpose,debt_consolidation,58.51,True
purpose,credit_card,24.6,True
purpose,home_improvement,5.42,True
purpose,other,4.95,True
purpose,major_purchase,1.77,True
purpose,medical,0.99,True
purpose,small_business,0.97,True
purpose,car,0.93,True
purpose,moving,0.66,True
purpose,vacation,0.64,True
purpose,house,0.37,True
purpose,wedding,0.13,False
purpose,renewable_energy,0.06,False
purpose,educational,0.0,False
addr_state,CA,15.45,True
addr_state,NY,8.43,True
addr_state,TX,8.04,True
addr_state,FL,6.87,True
addr_state,IL,4.05,True
addr_state,NJ,3.64,True
addr_state,PA,3.39,True
addr_state,OH,3.19,True
addr_state,GA,3.18,True
addr_state,VA,2.81,True
addr_state,NC,2.69,True
addr_state,MI,2.67,True
addr_state,AZ,2.33,True
addr_state,WA,2.3,True
addr_state,MD,2.22,True
addr_state,MA,2.17,True
addr_state,CO,2.14,True
addr_state,MN,1.8,True
addr_state,IN,1.63,True
addr_state,MO,1.54,True
addr_state,TN,1.52,True
addr_state,NV,1.51,True
addr_state,CT,1.47,True
addr_state,OR,1.36,True
addr_state,WI,1.32,True
addr_state,AL,1.16,True
addr_state,LA,1.16,True
addr_state,SC,1.14,True
addr_state,OK,0.91,True
addr_state,KY,0.9,True
addr_state,KS,0.89,True
addr_state,AR,0.73,True
addr_state,UT,0.71,True
addr_state,NM,0.58,True
addr_state,HI,0.53,True
addr_state,WV,0.49,True
addr_state,NH,0.48,True
addr_state,RI,0.43,True
addr_state,MS,0.38,True
addr_state,MT,0.3,True
addr_state,DC,0.29,True
addr_state,AK,0.28,True
addr_state,DE,0.26,True
addr_state,WY,0.22,True
addr_state,SD,0.22,True
addr_state,VT,0.21,True
addr_state,ID,0.0,False
addr_state,IA,0.0,False
addr_state,NE,0.0,False
initial_list_status,f,57.73,True
initial_list_status,w,42.27,True
