column,category
id,id_or_target
member_id,id_or_target
loan_amnt,origination_candidate
funded_amnt,origination_candidate
funded_amnt_inv,origination_candidate
term,origination_candidate
int_rate,lender_assigned_review
installment,origination_candidate
grade,lender_assigned_review
sub_grade,lender_assigned_review
emp_title,high_cardinality_text
emp_length,origination_candidate
home_ownership,origination_candidate
annual_inc,origination_candidate
verification_status,origination_candidate
issue_d,time_reference
loan_status,id_or_target
pymnt_plan,leakage_post_origination
url,id_or_target
desc,high_cardinality_text
purpose,origination_candidate
title,high_cardinality_text
zip_code,high_cardinality_text
addr_state,origination_candidate
dti,origination_candidate
delinq_2yrs,origination_candidate
earliest_cr_line,origination_candidate
fico_range_low,origination_candidate
fico_range_high,origination_candidate
inq_last_6mths,origination_candidate
mths_since_last_delinq,origination_candidate
mths_since_last_record,origination_candidate
open_acc,origination_candidate
pub_rec,origination_candidate
revol_bal,origination_candidate
revol_util,origination_candidate
total_acc,origination_candidate
initial_list_status,origination_candidate
out_prncp,leakage_post_origination
out_prncp_inv,leakage_post_origination
total_pymnt,leakage_post_origination
total_pymnt_inv,leakage_post_origination
total_rec_prncp,leakage_post_origination
total_rec_int,leakage_post_origination
total_rec_late_fee,leakage_post_origination
recoveries,leakage_post_origination
collection_recovery_fee,leakage_post_origination
last_pymnt_d,leakage_post_origination
last_pymnt_amnt,leakage_post_origination
next_pymnt_d,leakage_post_origination
last_credit_pull_d,leakage_post_origination
last_fico_range_high,leakage_post_origination
last_fico_range_low,leakage_post_origination
collections_12_mths_ex_med,origination_candidate
mths_since_last_major_derog,origination_candidate
policy_code,id_or_target
application_type,origination_candidate
annual_inc_joint,origination_candidate
dti_joint,origination_candidate
verification_status_joint,origination_candidate
acc_now_delinq,origination_candidate
tot_coll_amt,origination_candidate
tot_cur_bal,origination_candidate
open_acc_6m,origination_candidate
open_act_il,origination_candidate
open_il_12m,origination_candidate
open_il_24m,origination_candidate
mths_since_rcnt_il,origination_candidate
total_bal_il,origination_candidate
il_util,origination_candidate
open_rv_12m,origination_candidate
open_rv_24m,origination_candidate
max_bal_bc,origination_candidate
all_util,origination_candidate
total_rev_hi_lim,origination_candidate
inq_fi,origination_candidate
total_cu_tl,origination_candidate
inq_last_12m,origination_candidate
acc_open_past_24mths,origination_candidate
avg_cur_bal,origination_candidate
bc_open_to_buy,origination_candidate
bc_util,origination_candidate
chargeoff_within_12_mths,origination_candidate
delinq_amnt,origination_candidate
mo_sin_old_il_acct,origination_candidate
mo_sin_old_rev_tl_op,origination_candidate
mo_sin_rcnt_rev_tl_op,origination_candidate
mo_sin_rcnt_tl,origination_candidate
mort_acc,origination_candidate
mths_since_recent_bc,origination_candidate
mths_since_recent_bc_dlq,origination_candidate
mths_since_recent_inq,origination_candidate
mths_since_recent_revol_delinq,origination_candidate
num_accts_ever_120_pd,origination_candidate
num_actv_bc_tl,origination_candidate
num_actv_rev_tl,origination_candidate
num_bc_sats,origination_candidate
num_bc_tl,origination_candidate
num_il_tl,origination_candidate
num_op_rev_tl,origination_candidate
num_rev_accts,origination_candidate
num_rev_tl_bal_gt_0,origination_candidate
num_sats,origination_candidate
num_tl_120dpd_2m,origination_candidate
num_tl_30dpd,origination_candidate
num_tl_90g_dpd_24m,origination_candidate
num_tl_op_past_12m,origination_candidate
pct_tl_nvr_dlq,origination_candidate
percent_bc_gt_75,origination_candidate
pub_rec_bankruptcies,origination_candidate
tax_liens,origination_candidate
tot_hi_cred_lim,origination_candidate
total_bal_ex_mort,origination_candidate
total_bc_limit,origination_candidate
total_il_high_credit_limit,origination_candidate
revol_bal_joint,origination_candidate
sec_app_fico_range_low,origination_candidate
sec_app_fico_range_high,origination_candidate
sec_app_earliest_cr_line,origination_candidate
sec_app_inq_last_6mths,origination_candidate
sec_app_mort_acc,origination_candidate
sec_app_open_acc,origination_candidate
sec_app_revol_util,origination_candidate
sec_app_open_act_il,origination_candidate
sec_app_num_rev_accts,origination_candidate
sec_app_chargeoff_within_12_mths,origination_candidate
sec_app_collections_12_mths_ex_med,origination_candidate
sec_app_mths_since_last_major_derog,origination_candidate
hardship_flag,leakage_post_origination
hardship_type,leakage_post_origination
hardship_reason,leakage_post_origination
hardship_status,leakage_post_origination
deferral_term,leakage_post_origination
hardship_amount,leakage_post_origination
hardship_start_date,leakage_post_origination
hardship_end_date,leakage_post_origination
payment_plan_start_date,leakage_post_origination
hardship_length,leakage_post_origination
hardship_dpd,leakage_post_origination
hardship_loan_status,leakage_post_origination
orig_projected_additional_accrued_interest,leakage_post_origination
hardship_payoff_balance_amount,leakage_post_origination
hardship_last_payment_amount,leakage_post_origination
disbursement_method,origination_candidate
debt_settlement_flag,leakage_post_origination
debt_settlement_flag_date,leakage_post_origination
settlement_status,leakage_post_origination
settlement_date,leakage_post_origination
settlement_amount,leakage_post_origination
settlement_percentage,leakage_post_origination
settlement_term,leakage_post_origination
