feature,kind,n_bins,missing_bin,pct_missing_train,direction,iv_train,iv_unconstrained,iv_cost_pct,iv_valid,iv_oot,iv_oot_ratio,psi_valid,psi_oot,mono_valid,mono_oot,min_bad_train,band,flags
fico_mean,numeric,10,False,0.0,decreasing,0.1392,0.1392,0.0,0.1391,0.1565,1.12,0.0002,0.0048,True,True,511,medium,
annual_inc,numeric,10,False,0.0,decreasing,0.0807,0.0807,0.0,0.0743,0.0692,0.86,0.0002,0.0068,True,True,1631,weak,
tot_hi_cred_lim,numeric,9,False,0.0,decreasing,0.0795,0.0798,0.3,0.0769,0.0767,0.96,0.0001,0.0088,True,True,604,weak,
bc_open_to_buy,numeric,10,True,1.0,decreasing,0.0786,0.0786,0.0,0.084,0.0842,1.07,0.0001,0.0186,True,True,497,weak,
avg_cur_bal,numeric,9,False,0.0,decreasing,0.0757,0.0759,0.3,0.0738,0.0716,0.95,0.0001,0.0026,True,True,546,weak,
total_bc_limit,numeric,10,False,0.0,decreasing,0.0726,0.0726,0.0,0.0757,0.0798,1.1,0.0001,0.0107,True,True,919,weak,
acc_open_past_24mths,numeric,10,False,0.0,increasing,0.0706,0.0706,0.0,0.0729,0.0928,1.31,0.0002,0.011,True,True,1288,weak,
tot_cur_bal,numeric,9,False,0.0,decreasing,0.0658,0.0662,0.5,0.0622,0.0614,0.93,0.0001,0.004,True,True,571,weak,
payment_to_income,numeric,10,False,0.0,increasing,0.0638,0.0638,0.0,0.0622,0.0595,0.93,0.0002,0.0094,True,True,957,weak,
total_rev_hi_lim,numeric,9,False,0.0,decreasing,0.0596,0.0598,0.2,0.0579,0.0669,1.12,0.0003,0.0159,True,True,666,weak,
num_tl_op_past_12m,numeric,7,False,0.0,increasing,0.0594,0.0594,0.0,0.0608,0.0794,1.34,0.0002,0.0172,True,True,2024,weak,
dti,numeric,10,False,0.0,increasing,0.0578,0.0578,0.0,0.0557,0.0617,1.07,0.0002,0.016,True,True,1374,weak,
mort_acc,numeric,7,False,0.0,decreasing,0.0484,0.0484,0.0,0.0504,0.0465,0.96,0.0001,0.0066,True,True,882,weak,
home_ownership,categorical,3,False,0.0,increasing,0.0437,0.0437,0.0,0.0452,0.0428,0.98,0.0,0.0028,True,True,4481,weak,
mo_sin_rcnt_tl,numeric,10,False,0.0,decreasing,0.0419,0.0419,0.0,0.0426,0.0501,1.19,0.0001,0.0047,True,True,691,weak,
loan_to_income,numeric,8,False,0.0,increasing,0.0408,0.0416,1.8,0.039,0.0362,0.89,0.0001,0.0042,True,True,852,weak,
mo_sin_rcnt_rev_tl_op,numeric,10,False,0.0,decreasing,0.0374,0.0374,0.0,0.0374,0.044,1.18,0.0001,0.001,True,True,808,weak,
mths_since_recent_inq,numeric,9,True,10.33,decreasing,0.0366,0.0367,0.3,0.0389,0.0483,1.32,0.0003,0.0033,True,True,1372,weak,
mo_sin_old_rev_tl_op,numeric,9,False,0.0,decreasing,0.0357,0.0364,1.9,0.0387,0.0392,1.1,0.0002,0.0165,True,True,2042,weak,
mths_since_recent_bc,numeric,9,True,0.91,decreasing,0.035,0.0351,0.2,0.0324,0.0419,1.2,0.0001,0.0111,True,True,448,weak,
percent_bc_gt_75,numeric,8,True,1.04,increasing,0.0319,0.0326,2.1,0.0327,0.0307,0.96,0.0001,0.0274,True,False,513,weak,OOT bin order broken
inq_last_6mths,numeric,4,False,0.0,increasing,0.0317,0.0317,0.0,0.0323,0.0421,1.33,0.0002,0.0201,True,True,3520,weak,
bc_util,numeric,8,True,1.06,increasing,0.0276,0.0284,2.7,0.0293,0.0252,0.91,0.0001,0.0206,True,True,531,weak,
mo_sin_old_il_acct,numeric,8,True,3.79,decreasing,0.0219,0.0231,5.1,0.0188,0.0187,0.86,0.0001,0.0059,True,True,1336,weak,
credit_history_months,numeric,8,False,0.0,decreasing,0.0217,0.0224,2.9,0.0228,0.0218,1.0,0.0002,0.0077,True,True,1196,weak,
num_actv_rev_tl,numeric,10,False,0.0,increasing,0.0217,0.0217,0.0,0.0217,0.0241,1.11,0.0001,0.008,True,True,983,weak,
num_rev_tl_bal_gt_0,numeric,10,False,0.0,increasing,0.0214,0.0214,0.0,0.0213,0.0233,1.09,0.0002,0.0058,True,True,1331,weak,
revol_bal,numeric,9,False,0.0,decreasing,0.0211,0.0215,2.0,0.0189,0.0228,1.08,0.0002,0.0083,True,True,575,weak,
purpose,categorical,5,False,0.0,increasing,0.0208,0.0208,0.0,0.0204,0.0213,1.02,0.0001,0.0071,True,True,1290,weak,
emp_length_yrs,numeric,4,True,5.77,decreasing,0.0197,0.0198,0.5,0.019,0.0231,1.17,0.0,0.0048,True,True,2867,useless,
revol_util,numeric,9,False,0.04,increasing,0.017,0.0172,1.0,0.0165,0.0153,0.9,0.0001,0.024,True,True,1160,useless,
addr_state,categorical,10,False,0.0,increasing,0.0163,0.0163,0.0,0.0148,0.0161,0.99,0.0001,0.0049,True,False,711,useless,
verification_status,categorical,3,False,0.0,increasing,0.0161,0.0161,0.0,0.0159,0.0295,1.83,0.0001,0.0441,True,True,13201,useless,
loan_amnt,numeric,5,False,0.0,decreasing,0.0081,0.0143,43.1,0.0072,0.0065,0.8,0.0,0.0065,True,True,2979,useless,
total_bal_ex_mort,numeric,7,False,0.0,decreasing,0.0075,0.008,6.4,0.005,0.0056,0.75,0.0,0.0107,True,True,1479,useless,
total_acc,numeric,8,False,0.0,decreasing,0.0072,0.0077,6.3,0.0074,0.0039,0.54,0.0002,0.0014,True,False,1412,useless,
initial_list_status,categorical,2,False,0.0,increasing,0.0055,0.0055,0.0,0.0045,0.0098,1.79,0.0,0.2767,True,True,16580,useless,PSI(oot)=0.28
total_il_high_credit_limit,numeric,5,False,0.0,decreasing,0.0052,0.0094,44.3,0.0037,0.0036,0.69,0.0,0.0124,True,True,1343,useless,
num_bc_tl,numeric,8,False,0.0,decreasing,0.005,0.0052,3.8,0.006,0.0036,0.71,0.0003,0.0172,True,False,2203,useless,
mths_since_last_major_derog,numeric,6,True,72.76,increasing,0.0048,0.0053,9.7,0.0051,0.0072,1.49,0.0001,0.0064,True,True,245,useless,
mths_since_last_record,numeric,2,True,82.81,increasing,0.0047,0.0059,20.0,0.0063,0.0075,1.58,0.0,0.0048,True,True,3655,useless,
num_actv_bc_tl,numeric,8,False,0.0,increasing,0.0047,0.005,4.7,0.0038,0.0057,1.21,0.0001,0.0049,True,True,1100,useless,
num_il_tl,numeric,7,False,0.0,decreasing,0.0044,0.0053,16.6,0.0027,0.0017,0.39,0.0002,0.0012,True,True,1926,useless,
pub_rec,numeric,3,False,0.0,increasing,0.0043,0.0043,0.0,0.0051,0.0073,1.71,0.0,0.0027,True,True,1390,useless,
num_op_rev_tl,numeric,8,False,0.0,increasing,0.0043,0.0044,2.4,0.004,0.0051,1.17,0.0001,0.0066,True,True,2197,useless,
installment,numeric,3,False,0.0,increasing,0.0037,0.0196,80.9,0.0038,0.0051,1.37,0.0,0.0016,True,True,1168,useless,
pub_rec_bankruptcies,numeric,2,False,0.0,increasing,0.0031,0.0031,0.0,0.004,0.0054,1.75,0.0,0.0,True,True,6094,useless,
tot_coll_amt,numeric,2,False,0.0,increasing,0.0029,0.0034,15.2,0.0022,0.004,1.38,0.0,0.0045,True,True,6801,useless,
num_accts_ever_120_pd,numeric,2,False,0.0,increasing,0.0029,0.003,3.8,0.0035,0.0047,1.62,0.0,0.0016,True,True,10665,useless,
num_tl_120dpd_2m,numeric,1,True,2.85,increasing,0.002,0.002,0.0,0.002,0.0043,2.19,0.0,0.0257,True,True,1488,useless,
delinq_2yrs,numeric,4,False,0.0,increasing,0.0016,0.0016,0.0,0.0017,0.0023,1.43,0.0,0.0014,True,True,1370,useless,
num_rev_accts,numeric,6,False,0.0,decreasing,0.0015,0.0018,16.0,0.0017,0.0009,0.61,0.0001,0.0076,True,True,3358,useless,
mths_since_last_delinq,numeric,3,True,50.51,decreasing,0.0015,0.0023,36.5,0.0011,0.0021,1.41,0.0001,0.0028,True,False,732,useless,
mths_since_recent_bc_dlq,numeric,3,True,74.3,decreasing,0.0014,0.0024,42.0,0.0009,0.0018,1.32,0.0002,0.0003,True,True,1305,useless,
pct_tl_nvr_dlq,numeric,4,False,0.03,decreasing,0.0013,0.0022,38.2,0.0014,0.0023,1.74,0.0,0.0046,True,True,1226,useless,
open_acc,numeric,6,False,0.0,increasing,0.0011,0.0012,12.4,0.001,0.0014,1.35,0.0002,0.0057,True,True,1640,useless,
num_sats,numeric,5,False,0.0,increasing,0.0011,0.0012,10.3,0.0011,0.0015,1.32,0.0002,0.0043,True,True,1644,useless,
mths_since_recent_revol_delinq,numeric,3,True,64.99,decreasing,0.0008,0.0019,56.2,0.0005,0.0012,1.43,0.0001,0.0011,True,True,2034,useless,
num_tl_90g_dpd_24m,numeric,2,False,0.0,increasing,0.0008,0.0008,0.0,0.001,0.0015,1.94,0.0,0.0003,True,True,2738,useless,
num_bc_sats,numeric,2,False,0.0,decreasing,0.0007,0.001,33.9,0.0006,0.0005,0.67,0.0,0.0014,True,True,3181,useless,
tax_liens,numeric,2,False,0.0,increasing,0.0002,0.0002,0.0,0.0003,0.0006,2.44,0.0,0.0031,True,True,1429,useless,
acc_now_delinq,numeric,1,False,0.0,increasing,0.0,0.0,0.0,0.0,0.0,,0.0,0.0,True,True,42370,useless,
chargeoff_within_12_mths,numeric,1,False,0.0,increasing,0.0,0.0,0.0,0.0,0.0,,0.0,0.0,True,True,42370,useless,
delinq_amnt,numeric,1,False,0.0,increasing,0.0,0.0,0.0,0.0,0.0,,0.0,0.0,True,True,42370,useless,
collections_12_mths_ex_med,numeric,1,False,0.0,increasing,0.0,0.0,0.0,0.0,0.0,,0.0,0.0,True,True,42370,useless,
num_tl_30dpd,numeric,1,False,0.0,increasing,0.0,0.0,0.0,0.0,0.0,,0.0,0.0,True,True,42370,useless,
