column,n_missing,pct_missing,bad_rate_missing,bad_rate_present,diff_pp,same_year_diff_pp,p_value
mths_since_last_record,254238,82.81,13.44,15.52,-2.07,-1.76,3.7548646474975105e-36
mths_since_last_delinq,155078,50.51,13.48,14.12,-0.64,-0.48,2.4688389805057597e-07
mths_since_last_major_derog,223382,72.76,13.34,15.03,-1.69,-1.47,1.2902274019502089e-33
mths_since_recent_bc_dlq,228122,74.3,13.57,14.45,-0.88,-0.76,6.835559310938917e-10
mths_since_recent_revol_delinq,199547,64.99,13.59,14.19,-0.59,-0.45,5.3427848192775354e-06
mths_since_recent_inq,31723,10.33,9.84,14.26,-4.41,-4.4,2.283489129079665e-103
mo_sin_old_il_acct,11638,3.79,16.48,13.69,2.79,2.85,1.2617693743900908e-17
mths_since_recent_bc,2797,0.91,16.02,13.78,2.24,2.14,0.0006376461669664886
bc_util,3264,1.06,16.27,13.77,2.49,2.42,3.950192995446753e-05
percent_bc_gt_75,3196,1.04,16.05,13.78,2.27,2.19,0.000207905403612564
bc_open_to_buy,3069,1.0,16.19,13.78,2.42,2.35,0.00011123974845815973
num_tl_120dpd_2m,8749,2.85,17.01,13.71,3.3,2.89,1.0925189716972634e-18
emp_length,17707,5.77,20.28,13.4,6.88,6.79,2.8980420475383606e-146
emp_title,20200,6.58,19.71,13.38,6.33,6.38,3.2474357014105744e-140
