,0
member_id,100.0
orig_projected_additional_accrued_interest,99.61733108447336
hardship_reason,99.51709668815116
hardship_payoff_balance_amount,99.51709668815116
hardship_last_payment_amount,99.51709668815116
payment_plan_start_date,99.51709668815116
hardship_type,99.51709668815116
hardship_status,99.51709668815116
hardship_start_date,99.51709668815116
deferral_term,99.51709668815116
hardship_amount,99.51709668815116
hardship_dpd,99.51709668815116
hardship_loan_status,99.51709668815116
hardship_length,99.51709668815116
hardship_end_date,99.51709668815116
settlement_status,98.48516013395844
debt_settlement_flag_date,98.48516013395844
settlement_term,98.48516013395844
settlement_percentage,98.48516013395844
settlement_date,98.48516013395844
settlement_amount,98.48516013395844
sec_app_mths_since_last_major_derog,98.41013915595207
sec_app_revol_util,95.30304980623266
revol_bal_joint,95.22183605881538
sec_app_inq_last_6mths,95.22179182474817
sec_app_num_rev_accts,95.22179182474817
sec_app_open_acc,95.22179182474817
sec_app_earliest_cr_line,95.22179182474817
sec_app_fico_range_high,95.22179182474817
sec_app_mort_acc,95.22179182474817
sec_app_open_act_il,95.22179182474817
sec_app_fico_range_low,95.22179182474817
sec_app_collections_12_mths_ex_med,95.22179182474817
sec_app_chargeoff_within_12_mths,95.22179182474817
verification_status_joint,94.88079140054346
dti_joint,94.66068268205305
annual_inc_joint,94.66050574578416
desc,94.42363231581709
mths_since_last_record,84.11306935326698
mths_since_recent_bc_dlq,77.01151103131285
mths_since_last_major_derog,74.30995960987322
mths_since_recent_revol_delinq,67.25091022651823
next_pymnt_d,59.50999269695551
mths_since_last_delinq,51.24671506758302
il_util,47.281042473109004
mths_since_rcnt_il,40.25109910598527
all_util,38.32355539277419
open_acc_6m,38.313912366120064
inq_last_12m,38.313912366120064
total_cu_tl,38.313912366120064
open_il_24m,38.313868132052846
max_bal_bc,38.313868132052846
open_act_il,38.313868132052846
open_il_12m,38.313868132052846
open_rv_24m,38.313868132052846
total_bal_il,38.313868132052846
inq_fi,38.313868132052846
open_rv_12m,38.313868132052846
mths_since_recent_inq,13.069751373578372
emp_title,7.387177693998455
num_tl_120dpd_2m,6.798333791155929
emp_length,6.499753837415917
mo_sin_old_il_acct,6.153135686674178
bc_util,3.3663894517673945
percent_bc_gt_75,3.3357794772506404
bc_open_to_buy,3.316139551404631
mths_since_recent_bc,3.2487710670274392
pct_tl_nvr_dlq,3.116909312642406
avg_cur_bal,3.1131494169286427
mo_sin_rcnt_rev_tl_op,3.1100972662904116
num_rev_accts,3.1100972662904116
mo_sin_old_rev_tl_op,3.1100972662904116
num_op_rev_tl,3.110053032223191
num_il_tl,3.110053032223191
num_tl_op_past_12m,3.110053032223191
tot_coll_amt,3.110053032223191
num_actv_rev_tl,3.110053032223191
total_rev_hi_lim,3.110053032223191
tot_cur_bal,3.110053032223191
num_tl_30dpd,3.110053032223191
num_actv_bc_tl,3.110053032223191
num_accts_ever_120_pd,3.110053032223191
num_rev_tl_bal_gt_0,3.110053032223191
mo_sin_rcnt_tl,3.110053032223191
num_tl_90g_dpd_24m,3.110053032223191
tot_hi_cred_lim,3.110053032223191
total_il_high_credit_limit,3.110053032223191
num_bc_tl,3.110053032223191
num_bc_sats,2.593133722681593
num_sats,2.593133722681593
mort_acc,2.214490107272036
total_bal_ex_mort,2.214490107272036
total_bc_limit,2.214490107272036
acc_open_past_24mths,2.214490107272036
title,1.033263576209326
last_pymnt_d,0.10881580536302679
revol_util,0.08116951335006266
dti,0.07714421323297507
pub_rec_bankruptcies,0.061839225974598136
chargeoff_within_12_mths,0.007873663965292182
collections_12_mths_ex_med,0.007873663965292182
tax_liens,0.006104301276462478
last_credit_pull_d,0.004644577058177972
inq_last_6mths,0.0027867462349067834
delinq_amnt,0.0027425121676860407
total_acc,0.0027425121676860407
open_acc,0.0027425121676860407
earliest_cr_line,0.0027425121676860407
pub_rec,0.0027425121676860407
delinq_2yrs,0.0027425121676860407
acc_now_delinq,0.0027425121676860407
annual_inc,0.001636660487167476
zip_code,0.0015039582855052483
loan_amnt,0.0014597242182845054
funded_amnt,0.0014597242182845054
term,0.0014597242182845054
funded_amnt_inv,0.0014597242182845054
int_rate,0.0014597242182845054
verification_status,0.0014597242182845054
out_prncp,0.0014597242182845054
purpose,0.0014597242182845054
pymnt_plan,0.0014597242182845054
loan_status,0.0014597242182845054
issue_d,0.0014597242182845054
grade,0.0014597242182845054
home_ownership,0.0014597242182845054
url,0.0014597242182845054
installment,0.0014597242182845054
sub_grade,0.0014597242182845054
revol_bal,0.0014597242182845054
policy_code,0.0014597242182845054
application_type,0.0014597242182845054
last_pymnt_amnt,0.0014597242182845054
last_fico_range_low,0.0014597242182845054
addr_state,0.0014597242182845054
collection_recovery_fee,0.0014597242182845054
initial_list_status,0.0014597242182845054
last_fico_range_high,0.0014597242182845054
fico_range_low,0.0014597242182845054
fico_range_high,0.0014597242182845054
out_prncp_inv,0.0014597242182845054
total_pymnt_inv,0.0014597242182845054
total_pymnt,0.0014597242182845054
total_rec_prncp,0.0014597242182845054
recoveries,0.0014597242182845054
total_rec_late_fee,0.0014597242182845054
total_rec_int,0.0014597242182845054
disbursement_method,0.0014597242182845054
hardship_flag,0.0014597242182845054
debt_settlement_flag,0.0014597242182845054
