,2007,2008,2009,2010,2011,2012,2013,2014,2015,2016
loan_amnt,0.0,0.0,0.0,0.0,0.0,0.0,0.0,0.0,0.0,0.0
funded_amnt,0.0,0.0,0.0,0.0,0.0,0.0,0.0,0.0,0.0,0.0
funded_amnt_inv,0.0,0.0,0.0,0.0,0.0,0.0,0.0,0.0,0.0,0.0
term,0.0,0.0,0.0,0.0,0.0,0.0,0.0,0.0,0.0,0.0
installment,0.0,0.0,0.0,0.0,0.0,0.0,0.0,0.0,0.0,0.0
emp_length,0.0,0.0,0.0,2.77,3.49,3.61,4.42,5.93,6.7,6.97
home_ownership,0.0,0.0,0.0,0.0,0.0,0.0,0.0,0.0,0.0,0.0
annual_inc,0.0,0.0,0.0,0.0,0.0,0.0,0.0,0.0,0.0,0.0
verification_status,0.0,0.0,0.0,0.0,0.0,0.0,0.0,0.0,0.0,0.0
purpose,0.0,0.0,0.0,0.0,0.0,0.0,0.0,0.0,0.0,0.0
addr_state,0.0,0.0,0.0,0.0,0.0,0.0,0.0,0.0,0.0,0.0
dti,0.0,0.0,0.0,0.0,0.0,0.0,0.0,0.0,0.0,0.0
delinq_2yrs,0.0,0.0,0.0,0.0,0.0,0.0,0.0,0.0,0.0,0.0
earliest_cr_line,0.0,0.0,0.0,0.0,0.0,0.0,0.0,0.0,0.0,0.0
fico_range_low,0.0,0.0,0.0,0.0,0.0,0.0,0.0,0.0,0.0,0.0
fico_range_high,0.0,0.0,0.0,0.0,0.0,0.0,0.0,0.0,0.0,0.0
inq_last_6mths,0.0,0.0,0.0,0.0,0.0,0.0,0.0,0.0,0.0,0.0
mths_since_last_delinq,2.39,41.93,67.24,65.14,66.21,58.84,56.5,48.92,47.99,47.0
mths_since_last_record,2.79,64.21,95.59,94.48,94.74,97.24,88.13,81.07,81.33,82.29
open_acc,0.0,0.0,0.0,0.0,0.0,0.0,0.0,0.0,0.0,0.0
pub_rec,0.0,0.0,0.0,0.0,0.0,0.0,0.0,0.0,0.0,0.0
revol_bal,0.0,0.0,0.0,0.0,0.0,0.0,0.0,0.0,0.0,0.0
revol_util,0.0,0.51,0.3,0.16,0.04,0.09,0.06,0.05,0.04,0.07
total_acc,0.0,0.0,0.0,0.0,0.0,0.0,0.0,0.0,0.0,0.0
initial_list_status,0.0,0.0,0.0,0.0,0.0,0.0,0.0,0.0,0.0,0.0
collections_12_mths_ex_med,22.31,0.0,0.0,0.0,0.0,0.0,0.0,0.0,0.0,0.0
mths_since_last_major_derog,100.0,100.0,100.0,100.0,100.0,89.91,79.87,70.75,69.8,70.14
application_type,0.0,0.0,0.0,0.0,0.0,0.0,0.0,0.0,0.0,0.0
annual_inc_joint,100.0,100.0,100.0,100.0,100.0,100.0,100.0,100.0,99.92,99.01
dti_joint,100.0,100.0,100.0,100.0,100.0,100.0,100.0,100.0,99.92,99.01
verification_status_joint,100.0,100.0,100.0,100.0,100.0,100.0,100.0,100.0,99.92,99.01
acc_now_delinq,0.0,0.0,0.0,0.0,0.0,0.0,0.0,0.0,0.0,0.0
tot_coll_amt,100.0,100.0,100.0,100.0,100.0,51.98,0.0,0.0,0.0,0.0
tot_cur_bal,100.0,100.0,100.0,100.0,100.0,51.98,0.0,0.0,0.0,0.0
open_acc_6m,100.0,100.0,100.0,100.0,100.0,100.0,100.0,100.0,94.73,0.19
open_act_il,100.0,100.0,100.0,100.0,100.0,100.0,100.0,100.0,94.73,0.19
open_il_12m,100.0,100.0,100.0,100.0,100.0,100.0,100.0,100.0,94.73,0.19
open_il_24m,100.0,100.0,100.0,100.0,100.0,100.0,100.0,100.0,94.73,0.19
mths_since_rcnt_il,100.0,100.0,100.0,100.0,100.0,100.0,100.0,100.0,94.9,3.19
total_bal_il,100.0,100.0,100.0,100.0,100.0,100.0,100.0,100.0,94.73,0.19
il_util,100.0,100.0,100.0,100.0,100.0,100.0,100.0,100.0,95.46,14.51
open_rv_12m,100.0,100.0,100.0,100.0,100.0,100.0,100.0,100.0,94.73,0.19
open_rv_24m,100.0,100.0,100.0,100.0,100.0,100.0,100.0,100.0,94.73,0.19
max_bal_bc,100.0,100.0,100.0,100.0,100.0,100.0,100.0,100.0,94.73,0.19
all_util,100.0,100.0,100.0,100.0,100.0,100.0,100.0,100.0,94.73,0.19
total_rev_hi_lim,100.0,100.0,100.0,100.0,100.0,51.98,0.0,0.0,0.0,0.0
inq_fi,100.0,100.0,100.0,100.0,100.0,100.0,100.0,100.0,94.73,0.19
total_cu_tl,100.0,100.0,100.0,100.0,100.0,100.0,100.0,100.0,94.73,0.19
inq_last_12m,100.0,100.0,100.0,100.0,100.0,100.0,100.0,100.0,94.73,0.19
acc_open_past_24mths,100.0,100.0,100.0,100.0,100.0,14.04,0.0,0.0,0.0,0.0
avg_cur_bal,100.0,100.0,100.0,100.0,100.0,51.98,0.0,0.0,0.0,0.0
bc_open_to_buy,100.0,100.0,100.0,100.0,100.0,15.03,0.75,1.08,1.0,0.77
bc_util,100.0,100.0,100.0,100.0,100.0,15.08,0.79,1.16,1.07,0.84
chargeoff_within_12_mths,22.31,0.0,0.0,0.0,0.0,0.0,0.0,0.0,0.0,0.0
delinq_amnt,0.0,0.0,0.0,0.0,0.0,0.0,0.0,0.0,0.0,0.0
mo_sin_old_il_acct,100.0,100.0,100.0,100.0,100.0,54.19,3.68,3.65,3.52,3.02
mo_sin_old_rev_tl_op,100.0,100.0,100.0,100.0,100.0,51.98,0.0,0.0,0.0,0.0
mo_sin_rcnt_rev_tl_op,100.0,100.0,100.0,100.0,100.0,51.98,0.0,0.0,0.0,0.0
mo_sin_rcnt_tl,100.0,100.0,100.0,100.0,100.0,51.98,0.0,0.0,0.0,0.0
mort_acc,100.0,100.0,100.0,100.0,100.0,14.04,0.0,0.0,0.0,0.0
mths_since_recent_bc,100.0,100.0,100.0,100.0,100.0,14.89,0.65,0.99,0.96,0.75
mths_since_recent_bc_dlq,100.0,100.0,100.0,100.0,100.0,87.43,77.72,73.15,73.84,73.92
mths_since_recent_inq,100.0,100.0,100.0,100.0,100.0,24.9,10.82,9.48,11.04,10.82
mths_since_recent_revol_delinq,100.0,100.0,100.0,100.0,100.0,73.92,69.94,63.53,63.45,63.02
num_accts_ever_120_pd,100.0,100.0,100.0,100.0,100.0,51.98,0.0,0.0,0.0,0.0
num_actv_bc_tl,100.0,100.0,100.0,100.0,100.0,51.98,0.0,0.0,0.0,0.0
num_actv_rev_tl,100.0,100.0,100.0,100.0,100.0,51.98,0.0,0.0,0.0,0.0
num_bc_sats,100.0,100.0,100.0,100.0,100.0,30.08,0.0,0.0,0.0,0.0
num_bc_tl,100.0,100.0,100.0,100.0,100.0,51.98,0.0,0.0,0.0,0.0
num_il_tl,100.0,100.0,100.0,100.0,100.0,51.98,0.0,0.0,0.0,0.0
num_op_rev_tl,100.0,100.0,100.0,100.0,100.0,51.98,0.0,0.0,0.0,0.0
num_rev_accts,100.0,100.0,100.0,100.0,100.0,51.98,0.0,0.0,0.0,0.0
num_rev_tl_bal_gt_0,100.0,100.0,100.0,100.0,100.0,51.98,0.0,0.0,0.0,0.0
num_sats,100.0,100.0,100.0,100.0,100.0,30.08,0.0,0.0,0.0,0.0
num_tl_120dpd_2m,100.0,100.0,100.0,100.0,100.0,51.98,0.19,3.97,5.03,5.79
num_tl_30dpd,100.0,100.0,100.0,100.0,100.0,51.98,0.0,0.0,0.0,0.0
num_tl_90g_dpd_24m,100.0,100.0,100.0,100.0,100.0,51.98,0.0,0.0,0.0,0.0
num_tl_op_past_12m,100.0,100.0,100.0,100.0,100.0,51.98,0.0,0.0,0.0,0.0
pct_tl_nvr_dlq,100.0,100.0,100.0,100.0,100.0,51.98,0.11,0.0,0.0,0.0
percent_bc_gt_75,100.0,100.0,100.0,100.0,100.0,15.03,0.75,1.14,1.09,0.84
pub_rec_bankruptcies,97.21,28.81,0.06,0.0,0.0,0.0,0.0,0.0,0.0,0.0
tax_liens,15.54,0.0,0.0,0.0,0.0,0.0,0.0,0.0,0.0,0.0
tot_hi_cred_lim,100.0,100.0,100.0,100.0,100.0,51.98,0.0,0.0,0.0,0.0
total_bal_ex_mort,100.0,100.0,100.0,100.0,100.0,14.04,0.0,0.0,0.0,0.0
total_bc_limit,100.0,100.0,100.0,100.0,100.0,14.04,0.0,0.0,0.0,0.0
total_il_high_credit_limit,100.0,100.0,100.0,100.0,100.0,51.98,0.0,0.0,0.0,0.0
revol_bal_joint,100.0,100.0,100.0,100.0,100.0,100.0,100.0,100.0,100.0,100.0
sec_app_fico_range_low,100.0,100.0,100.0,100.0,100.0,100.0,100.0,100.0,100.0,100.0
sec_app_fico_range_high,100.0,100.0,100.0,100.0,100.0,100.0,100.0,100.0,100.0,100.0
sec_app_earliest_cr_line,100.0,100.0,100.0,100.0,100.0,100.0,100.0,100.0,100.0,100.0
sec_app_inq_last_6mths,100.0,100.0,100.0,100.0,100.0,100.0,100.0,100.0,100.0,100.0
sec_app_mort_acc,100.0,100.0,100.0,100.0,100.0,100.0,100.0,100.0,100.0,100.0
sec_app_open_acc,100.0,100.0,100.0,100.0,100.0,100.0,100.0,100.0,100.0,100.0
sec_app_revol_util,100.0,100.0,100.0,100.0,100.0,100.0,100.0,100.0,100.0,100.0
sec_app_open_act_il,100.0,100.0,100.0,100.0,100.0,100.0,100.0,100.0,100.0,100.0
sec_app_num_rev_accts,100.0,100.0,100.0,100.0,100.0,100.0,100.0,100.0,100.0,100.0
sec_app_chargeoff_within_12_mths,100.0,100.0,100.0,100.0,100.0,100.0,100.0,100.0,100.0,100.0
sec_app_collections_12_mths_ex_med,100.0,100.0,100.0,100.0,100.0,100.0,100.0,100.0,100.0,100.0
sec_app_mths_since_last_major_derog,100.0,100.0,100.0,100.0,100.0,100.0,100.0,100.0,100.0,100.0
disbursement_method,0.0,0.0,0.0,0.0,0.0,0.0,0.0,0.0,0.0,0.0
