,pct_missing
sec_app_fico_range_low,100.0
sec_app_open_act_il,100.0
sec_app_collections_12_mths_ex_med,100.0
sec_app_chargeoff_within_12_mths,100.0
sec_app_fico_range_high,100.0
sec_app_earliest_cr_line,100.0
revol_bal_joint,100.0
sec_app_open_acc,100.0
sec_app_num_rev_accts,100.0
sec_app_revol_util,100.0
sec_app_mort_acc,100.0
sec_app_mths_since_last_major_derog,100.0
sec_app_inq_last_6mths,100.0
dti_joint,99.93
verification_status_joint,99.93
annual_inc_joint,99.93
il_util,95.38
mths_since_rcnt_il,94.78
all_util,94.62
max_bal_bc,94.62
open_acc_6m,94.62
open_rv_24m,94.62
open_rv_12m,94.62
total_bal_il,94.62
open_il_24m,94.62
total_cu_tl,94.62
inq_fi,94.62
inq_last_12m,94.62
open_il_12m,94.62
open_act_il,94.62
mths_since_last_record,84.5
mths_since_recent_bc_dlq,76.97
mths_since_last_major_derog,75.25
mths_since_recent_revol_delinq,67.6
mths_since_last_delinq,51.61
mths_since_recent_inq,16.77
mo_sin_old_il_acct,12.96
num_tl_120dpd_2m,12.9
pct_tl_nvr_dlq,9.72
avg_cur_bal,9.7
mo_sin_rcnt_rev_tl_op,9.7
mo_sin_old_rev_tl_op,9.7
num_rev_accts,9.7
num_bc_tl,9.7
mo_sin_rcnt_tl,9.7
num_accts_ever_120_pd,9.7
num_actv_bc_tl,9.7
num_actv_rev_tl,9.7
num_il_tl,9.7
num_tl_30dpd,9.7
num_rev_tl_bal_gt_0,9.7
num_op_rev_tl,9.7
total_il_high_credit_limit,9.7
tot_hi_cred_lim,9.7
tot_cur_bal,9.7
tot_coll_amt,9.7
total_rev_hi_lim,9.7
num_tl_op_past_12m,9.7
num_tl_90g_dpd_24m,9.7
num_sats,8.02
num_bc_sats,8.02
bc_util,7.76
percent_bc_gt_75,7.75
bc_open_to_buy,7.7
mths_since_recent_bc,7.63
total_bal_ex_mort,6.79
total_bc_limit,6.79
acc_open_past_24mths,6.79
mort_acc,6.79
emp_length,5.62
pub_rec_bankruptcies,0.1
revol_util,0.06
chargeoff_within_12_mths,0.01
collections_12_mths_ex_med,0.01
tax_liens,0.01
dti,0.0
acc_now_delinq,0.0
revol_bal,0.0
initial_list_status,0.0
pub_rec,0.0
total_acc,0.0
application_type,0.0
inq_last_6mths,0.0
open_acc,0.0
verification_status,0.0
annual_inc,0.0
funded_amnt_inv,0.0
term,0.0
loan_amnt,0.0
funded_amnt,0.0
home_ownership,0.0
installment,0.0
addr_state,0.0
purpose,0.0
delinq_2yrs,0.0
earliest_cr_line,0.0
fico_range_high,0.0
fico_range_low,0.0
delinq_amnt,0.0
disbursement_method,0.0
