feature,train_min,p0.1,p99.9,train_max,cap_pct_train,cap_pct_valid,cap_pct_oot
annual_inc,3000.0,10044.288,506317.6000000327,8706582.0,0.201,0.202,0.288
revol_bal,0.0,0.0,255981.7120000003,2904836.0,0.1,0.083,0.165
revol_util,0.0,0.0,102.8,892.3,0.098,0.096,0.132
dti,0.0,0.44,39.65,39.99,0.196,0.203,0.345
loan_to_income,0.0006389134042328439,0.013086056818181818,0.5,0.5,0.1,0.103,0.194
payment_to_income,0.0002408959099319515,0.0053377664,0.2141332676273352,0.24753846153846157,0.201,0.229,0.415
tot_cur_bal,0.0,546.0,1197480.4000000006,4772549.0,0.2,0.19,0.236
tot_hi_cred_lim,0.0,3500.0,1346452.1680000422,9999999.0,0.199,0.177,0.196
total_rev_hi_lim,0.0,800.0,323200.0,9999999.0,0.186,0.186,0.283
avg_cur_bal,0.0,107.019,139014.13099999557,958084.0,0.201,0.194,0.253
total_bal_ex_mort,0.0,260.024,409637.98400001414,2921551.0,0.201,0.206,0.239
total_bc_limit,0.0,0.0,161261.48800000153,684000.0,0.1,0.085,0.167
total_il_high_credit_limit,0.0,0.0,336706.76000000024,1027358.0,0.1,0.116,0.155
bc_open_to_buy,0.0,0.0,123782.43999999948,332178.0,0.099,0.083,0.156
tot_coll_amt,0.0,0.0,23506.71200000029,496651.0,0.1,0.108,0.122
delinq_amnt,0.0,0.0,667.9040000000969,66497.0,0.1,0.091,0.136
