,fico_mean,annual_inc,tot_hi_cred_lim,bc_open_to_buy,avg_cur_bal,total_bc_limit,acc_open_past_24mths,tot_cur_bal,total_rev_hi_lim,num_tl_op_past_12m,dti,mort_acc,home_ownership,mo_sin_rcnt_tl,loan_to_income,mo_sin_rcnt_rev_tl_op,mths_since_recent_inq,mo_sin_old_rev_tl_op,mths_since_recent_bc,percent_bc_gt_75,inq_last_6mths,bc_util,mo_sin_old_il_acct,credit_history_months,num_actv_rev_tl,num_rev_tl_bal_gt_0,revol_bal,purpose,emp_length_yrs
fico_mean,1.0,0.147,0.256,0.524,0.178,0.407,0.1,0.185,0.391,0.105,0.049,0.116,0.135,0.093,-0.017,0.117,0.107,0.128,0.061,0.411,0.096,0.414,0.044,0.107,0.179,0.173,0.102,0.028,0.029
annual_inc,0.147,1.0,0.55,0.24,0.449,0.389,-0.074,0.502,0.409,-0.069,0.231,0.376,0.276,-0.039,0.343,0.041,-0.07,0.26,0.031,0.029,-0.05,0.013,0.25,0.265,-0.116,-0.12,0.427,0.025,0.228
tot_hi_cred_lim,0.256,0.55,1.0,0.279,0.871,0.404,-0.113,0.96,0.477,-0.084,-0.034,0.638,0.612,-0.059,0.158,0.03,-0.084,0.26,0.034,0.036,-0.041,0.039,0.263,0.263,-0.109,-0.115,0.455,0.051,0.137
bc_open_to_buy,0.524,0.24,0.279,1.0,0.078,0.8,-0.084,0.179,0.709,-0.08,0.076,0.138,0.109,-0.061,-0.049,-0.084,-0.012,0.197,-0.175,0.579,-0.01,0.693,0.046,0.166,-0.128,-0.135,0.295,0.068,0.04
avg_cur_bal,0.178,0.449,0.871,0.078,1.0,0.2,0.049,0.895,0.227,0.035,0.077,0.612,0.594,0.029,0.162,0.144,-0.036,0.194,0.129,-0.046,0.001,-0.07,0.209,0.201,0.152,0.148,0.308,0.043,0.112
total_bc_limit,0.407,0.389,0.404,0.8,0.2,1.0,0.006,0.312,0.86,0.012,-0.032,0.206,0.162,0.027,-0.096,0.007,0.041,0.289,-0.085,0.217,0.035,0.279,0.107,0.25,-0.273,-0.279,0.67,0.114,0.079
acc_open_past_24mths,0.1,-0.074,-0.113,-0.084,0.049,0.006,1.0,-0.094,-0.085,0.724,0.165,-0.077,-0.071,0.548,-0.09,0.528,0.324,0.063,0.434,-0.128,0.251,-0.153,-0.01,0.034,0.309,0.304,0.037,0.039,-0.019
tot_cur_bal,0.185,0.502,0.96,0.179,0.895,0.312,-0.094,1.0,0.377,-0.07,0.012,0.627,0.601,-0.05,0.165,0.042,-0.081,0.222,0.047,-0.011,-0.039,-0.018,0.231,0.226,-0.076,-0.081,0.412,0.046,0.122
total_rev_hi_lim,0.391,0.409,0.477,0.709,0.227,0.86,-0.085,0.377,1.0,-0.057,-0.089,0.268,0.223,-0.028,-0.072,-0.053,-0.002,0.327,-0.063,0.198,0.004,0.248,0.143,0.294,-0.386,-0.392,0.777,0.093,0.089
num_tl_op_past_12m,0.105,-0.069,-0.084,-0.08,0.035,0.012,0.724,-0.07,-0.057,1.0,0.108,-0.068,-0.054,0.702,-0.11,0.576,0.342,0.019,0.432,-0.135,0.302,-0.157,-0.023,-0.004,0.236,0.228,0.051,0.044,-0.017
dti,0.049,0.231,-0.034,0.076,0.077,-0.032,0.165,0.012,-0.089,0.108,1.0,0.06,0.016,0.083,0.214,0.017,0.029,-0.034,-0.009,0.157,0.004,0.15,-0.079,-0.033,0.23,0.232,-0.168,0.017,0.031
mort_acc,0.116,0.376,0.638,0.138,0.612,0.206,-0.077,0.627,0.268,-0.068,0.06,1.0,0.621,-0.053,0.112,0.017,-0.099,0.362,0.045,0.023,-0.062,0.021,0.291,0.374,-0.047,-0.047,0.265,0.041,0.092
home_ownership,0.135,0.276,0.612,0.109,0.594,0.162,-0.071,0.601,0.223,-0.054,0.016,0.621,1.0,-0.044,0.066,0.011,-0.08,0.222,0.032,0.014,-0.045,0.014,0.2,0.238,-0.064,-0.066,0.218,0.06,0.093
mo_sin_rcnt_tl,0.093,-0.039,-0.059,-0.061,0.029,0.027,0.548,-0.05,-0.028,0.702,0.083,-0.053,-0.044,1.0,-0.086,0.719,0.373,0.023,0.462,-0.112,0.322,-0.137,-0.011,0.003,0.176,0.169,0.059,0.034,-0.007
loan_to_income,-0.017,0.343,0.158,-0.049,0.162,-0.096,-0.09,0.165,-0.072,-0.11,0.214,0.112,0.066,-0.086,1.0,-0.023,-0.093,0.01,-0.01,0.036,-0.081,0.029,0.071,0.037,0.065,0.066,-0.076,-0.053,0.096
mo_sin_rcnt_rev_tl_op,0.117,0.041,0.03,-0.084,0.144,0.007,0.528,0.042,-0.053,0.576,0.017,0.017,0.011,0.719,-0.023,1.0,0.3,0.056,0.64,-0.118,0.257,-0.153,0.029,0.036,0.265,0.258,0.053,0.013,0.017
mths_since_recent_inq,0.107,-0.07,-0.084,-0.012,-0.036,0.041,0.324,-0.081,-0.002,0.342,0.029,-0.099,-0.08,0.373,-0.093,0.3,1.0,0.024,0.202,-0.074,0.716,-0.08,-0.024,0.008,0.101,0.094,0.039,0.032,-0.005
mo_sin_old_rev_tl_op,0.128,0.26,0.26,0.197,0.194,0.289,0.063,0.222,0.327,0.019,-0.034,0.362,0.222,0.023,0.01,0.056,0.024,1.0,0.092,0.002,0.007,0.024,0.36,0.838,-0.15,-0.149,0.3,0.034,0.04
mths_since_recent_bc,0.061,0.031,0.034,-0.175,0.129,-0.085,0.434,0.047,-0.063,0.432,-0.009,0.045,0.032,0.462,-0.01,0.64,0.202,0.092,1.0,-0.146,0.177,-0.195,0.059,0.07,0.208,0.203,0.042,-0.002,0.019
percent_bc_gt_75,0.411,0.029,0.036,0.579,-0.046,0.217,-0.128,-0.011,0.198,-0.135,0.157,0.023,0.014,-0.112,0.036,-0.118,-0.074,0.002,-0.146,1.0,-0.064,0.792,-0.028,-0.002,0.106,0.108,-0.162,-0.014,-0.011
inq_last_6mths,0.096,-0.05,-0.041,-0.01,0.001,0.035,0.251,-0.039,0.004,0.302,0.004,-0.062,-0.045,0.322,-0.081,0.257,0.716,0.007,0.177,-0.064,1.0,-0.073,-0.023,-0.001,0.099,0.088,0.037,0.028,-0.002
bc_util,0.414,0.013,0.039,0.693,-0.07,0.279,-0.153,-0.018,0.248,-0.157,0.15,0.021,0.014,-0.137,0.029,-0.153,-0.08,0.024,-0.195,0.792,-0.073,1.0,-0.031,0.014,0.055,0.057,-0.161,-0.009,-0.013
mo_sin_old_il_acct,0.044,0.25,0.263,0.046,0.209,0.107,-0.01,0.231,0.143,-0.023,-0.079,0.291,0.2,-0.011,0.071,0.029,-0.024,0.36,0.059,-0.028,-0.023,-0.031,1.0,0.453,-0.047,-0.047,0.159,0.008,0.077
credit_history_months,0.107,0.265,0.263,0.166,0.201,0.25,0.034,0.226,0.294,-0.004,-0.033,0.374,0.238,0.003,0.037,0.036,0.008,0.838,0.07,-0.002,-0.001,0.014,0.453,1.0,-0.142,-0.141,0.278,0.026,0.031
num_actv_rev_tl,0.179,-0.116,-0.109,-0.128,0.152,-0.273,0.309,-0.076,-0.386,0.236,0.23,-0.047,-0.064,0.176,0.065,0.265,0.101,-0.15,0.208,0.106,0.099,0.055,-0.047,-0.142,1.0,0.987,-0.395,-0.041,-0.051
num_rev_tl_bal_gt_0,0.173,-0.12,-0.115,-0.135,0.148,-0.279,0.304,-0.081,-0.392,0.228,0.232,-0.047,-0.066,0.169,0.066,0.258,0.094,-0.149,0.203,0.108,0.088,0.057,-0.047,-0.141,0.987,1.0,-0.402,-0.04,-0.052
revol_bal,0.102,0.427,0.455,0.295,0.308,0.67,0.037,0.412,0.777,0.051,-0.168,0.265,0.218,0.059,-0.076,0.053,0.039,0.3,0.042,-0.162,0.037,-0.161,0.159,0.278,-0.395,-0.402,1.0,0.095,0.102
purpose,0.028,0.025,0.051,0.068,0.043,0.114,0.039,0.046,0.093,0.044,0.017,0.041,0.06,0.034,-0.053,0.013,0.032,0.034,-0.002,-0.014,0.028,-0.009,0.008,0.026,-0.041,-0.04,0.095,1.0,-0.008
emp_length_yrs,0.029,0.228,0.137,0.04,0.112,0.079,-0.019,0.122,0.089,-0.017,0.031,0.092,0.093,-0.007,0.096,0.017,-0.005,0.04,0.019,-0.011,-0.002,-0.013,0.077,0.031,-0.051,-0.052,0.102,-0.008,1.0
