feature,bin,label,woe,bad_train,n_train,bad_rate_train,share_train,n_valid,bad_rate_valid,share_valid,n_oot,bad_rate_oot,share_oot
loan_amnt,0,"(-inf, 9987.5]",-0.0768,19034,129139,14.74,42.06,32241,14.68,42.0,78332,15.72,42.36
loan_amnt,1,"(9987.5, 11987.5]",-0.0612,5644,38804,14.54,12.64,9660,14.29,12.59,21294,14.66,11.52
loan_amnt,2,"(11987.5, 19987.5]",0.05,10571,79983,13.22,26.05,20131,13.35,26.23,44981,14.13,24.33
loan_amnt,3,"(19987.5, 23987.5]",0.1419,2979,24424,12.2,7.96,6164,11.81,8.03,15221,13.99,8.23
loan_amnt,4,"(23987.5, inf)",0.1656,4142,34675,11.95,11.29,8561,12.43,11.15,25084,13.22,13.57
installment,0,"(-inf, 101.33]",0.1429,1557,12776,12.19,4.16,3121,11.69,4.07,9207,12.85,4.98
installment,1,"(101.33, 1159.03]",0.0028,39645,287967,13.77,93.79,72102,13.79,93.94,172169,14.68,93.11
installment,2,"(1159.03, inf)",-0.3553,1168,6282,18.59,2.05,1534,18.45,2.0,3536,22.2,1.91
annual_inc,0,"(-inf, 28524.5]",-0.5096,4310,20482,21.04,6.67,5109,20.75,6.66,11947,22.16,6.46
annual_inc,1,"(28524.5, 37091]",-0.3516,5645,30454,18.54,9.92,7815,18.36,10.18,16561,18.67,8.96
annual_inc,2,"(37091, 43499]",-0.2076,4433,26931,16.46,8.77,6664,16.13,8.68,14345,16.93,7.76
annual_inc,3,"(43499, 49502]",-0.1326,3682,23824,15.46,7.76,5814,15.5,7.57,13186,16.15,7.13
annual_inc,4,"(49502, 50003.5]",-0.1003,1689,11232,15.04,3.66,2878,13.31,3.75,6604,16.01,3.57
annual_inc,5,"(50003.5, 62986.5]",-0.0268,6680,47301,14.12,15.41,11911,13.55,15.52,27687,15.0,14.97
annual_inc,6,"(62986.5, 65193.5]",0.0589,1631,12437,13.11,4.05,3027,13.41,3.94,7648,15.4,4.14
annual_inc,7,"(65193.5, 80007.2]",0.1467,5449,44863,12.15,14.61,11249,12.81,14.66,27683,13.8,14.97
annual_inc,8,"(80007.2, 100106]",0.3165,4091,39158,10.45,12.75,9636,11.05,12.55,24261,12.37,13.12
annual_inc,9,"(100106, inf)",0.4273,4760,50343,9.46,16.4,12654,9.58,16.49,34990,10.66,18.92
dti,0,"(-inf, 4.815]",0.3707,1374,13808,9.95,4.5,3404,10.52,4.43,7966,10.9,4.31
dti,1,"(4.815, 8.755]",0.2978,3340,31441,10.62,10.24,7794,10.53,10.15,17640,11.32,9.54
dti,2,"(8.755, 12.765]",0.2415,5402,48360,11.17,15.75,11945,11.13,15.56,26795,11.54,14.49
dti,3,"(12.765, 14.545]",0.171,2908,24460,11.89,7.97,6254,12.23,8.15,13766,12.68,7.44
dti,4,"(14.545, 18.255]",0.0756,6565,50794,12.92,16.54,12803,13.0,16.68,29253,13.58,15.82
dti,5,"(18.255, 21.395]",-0.0301,5587,39449,14.16,12.85,9792,14.12,12.76,23219,14.77,12.56
dti,6,"(21.395, 25.535]",-0.1579,6640,42057,15.79,13.7,10579,15.77,13.78,25570,16.52,13.83
dti,7,"(25.535, 30.505]",-0.2991,6283,35384,17.76,11.52,8740,17.21,11.39,22751,18.26,12.3
dti,8,"(30.505, 34.225]",-0.3633,2608,13936,18.71,4.54,3526,18.92,4.59,9898,19.94,5.35
dti,9,"(34.225, inf)",-0.6049,1663,7336,22.67,2.39,1920,22.5,2.5,8051,22.12,4.35
dti,Missing,Missing,0.0,0,0,,0.0,0,,0.0,3,66.67,0.0
delinq_2yrs,0,"(-inf, 0.5]",0.0152,33613,246780,13.62,80.38,61756,13.6,80.46,146007,14.37,78.96
delinq_2yrs,1,"(0.5, 1.5]",-0.02,5573,39695,14.04,12.93,9898,13.9,12.9,25458,15.67,13.77
delinq_2yrs,2,"(1.5, 2.5]",-0.1055,1814,12010,15.1,3.91,2929,16.56,3.82,7544,16.61,4.08
delinq_2yrs,3,"(2.5, inf)",-0.1769,1370,8540,16.04,2.78,2174,15.18,2.83,5903,17.23,3.19
inq_last_6mths,0,"(-inf, 0.5]",0.1534,20401,168962,12.07,55.03,42748,12.04,55.69,112815,12.48,61.01
inq_last_6mths,1,"(0.5, 1.5]",-0.0786,12656,85730,14.76,27.92,20996,14.95,27.35,48340,16.48,26.14
inq_last_6mths,2,"(1.5, 2.5]",-0.269,5793,33444,17.32,10.89,8349,16.83,10.88,16063,20.48,8.69
inq_last_6mths,3,"(2.5, inf)",-0.3581,3520,18889,18.64,6.15,4664,19.34,6.08,7694,24.69,4.16
mths_since_last_delinq,0,"(-inf, 3.5]",-0.165,732,4609,15.88,1.5,1110,13.42,1.45,3076,14.66,1.66
mths_since_last_delinq,1,"(3.5, 16.5]",-0.0732,5379,36606,14.69,11.92,9108,14.88,11.87,22777,16.19,12.32
mths_since_last_delinq,2,"(16.5, inf)",-0.0053,15351,110732,13.86,36.07,27512,13.9,35.84,70438,15.39,38.09
mths_since_last_delinq,Missing,Missing,0.027,20908,155078,13.48,50.51,39027,13.49,50.84,88621,13.83,47.93
mths_since_last_record,0,"(-inf, 68.5]",-0.0766,3655,24802,14.74,8.08,6213,14.18,8.09,18523,16.76,10.02
mths_since_last_record,1,"(68.5, inf)",-0.1889,4535,27985,16.21,9.11,7026,17.36,9.15,15726,18.61,8.5
mths_since_last_record,Missing,Missing,0.0303,34180,254238,13.44,82.81,63518,13.37,82.75,150663,14.08,81.48
open_acc,0,"(-inf, 4.5]",0.0579,1640,12494,13.13,4.07,3011,13.32,3.92,8270,13.85,4.47
open_acc,1,"(4.5, 8.5]",0.0303,11672,86820,13.44,28.28,21454,13.25,27.95,50663,14.09,27.4
open_acc,2,"(8.5, 10.5]",-0.0072,7784,56055,13.89,18.26,14315,13.36,18.65,31663,14.51,17.12
open_acc,3,"(10.5, 13.5]",-0.0092,9295,66824,13.91,21.77,16767,14.26,21.84,38479,14.99,20.81
open_acc,4,"(13.5, 22.5]",-0.0109,10312,74023,13.93,24.11,18512,14.29,24.12,47261,15.24,25.56
open_acc,5,"(22.5, inf)",-0.1301,1667,10809,15.42,3.52,2698,14.79,3.51,8576,16.21,4.64
pub_rec,0,"(-inf, 0.5]",0.0303,34180,254238,13.44,82.81,63518,13.37,82.75,150663,14.08,81.48
pub_rec,1,"(0.5, 1.5]",-0.1259,6800,44251,15.37,14.41,11167,15.81,14.55,27519,17.49,14.88
pub_rec,2,"(1.5, inf)",-0.1947,1390,8536,16.28,2.78,2072,16.17,2.7,6730,18.07,3.64
revol_bal,0,"(-inf, 2369.5]",-0.1476,2826,18055,15.65,5.88,4477,15.35,5.83,12982,17.54,7.02
revol_bal,1,"(2369.5, 5099.5]",-0.1239,6617,43133,15.34,14.05,10749,15.17,14.0,25449,16.67,13.76
revol_bal,2,"(5099.5, 10298.5]",-0.0832,12780,86237,14.82,28.09,21498,14.93,28.01,50259,15.48,27.18
revol_bal,3,"(10298.5, 15232.5]",-0.0143,7788,55743,13.97,18.16,14003,14.14,18.24,32312,15.03,17.47
revol_bal,4,"(15232.5, 21046.5]",0.0418,5242,39384,13.31,12.83,9953,12.68,12.97,22634,13.88,12.24
revol_bal,5,"(21046.5, 27577.5]",0.1494,3037,25063,12.12,8.16,6365,12.44,8.29,14695,12.94,7.95
revol_bal,6,"(27577.5, 35996.5]",0.2365,2017,17977,11.22,5.86,4551,10.99,5.93,10619,12.25,5.74
revol_bal,7,"(35996.5, 55832]",0.3496,1488,14672,10.14,4.78,3511,10.4,4.57,9779,11.6,5.29
revol_bal,8,"(55832, inf)",0.5437,575,6761,8.5,2.2,1650,10.06,2.15,6183,9.83,3.34
revol_util,0,"(-inf, 18.35]",0.3577,2079,20649,10.07,6.73,5182,10.63,6.75,16982,12.04,9.18
revol_util,1,"(18.35, 23.25]",0.2365,1160,10339,11.22,3.37,2538,11.74,3.31,7868,12.2,4.25
revol_util,2,"(23.25, 38.95]",0.1076,6361,50606,12.57,16.48,12635,11.79,16.46,35585,13.58,19.24
revol_util,3,"(38.95, 44.75]",0.0349,3157,23577,13.39,7.68,6052,13.0,7.88,15220,14.57,8.23
revol_util,4,"(44.75, 61.55]",-0.0153,10817,77356,13.98,25.2,19277,14.11,25.11,44187,15.41,23.9
revol_util,5,"(61.55, 73.25]",-0.0644,7376,50577,14.58,16.47,12558,15.48,16.36,26810,15.73,14.5
revol_util,6,"(73.25, 89.15]",-0.1021,7841,52066,15.06,16.96,13006,14.85,16.94,26267,15.9,14.21
revol_util,7,"(89.15, 94.75]",-0.1694,2027,12715,15.94,4.14,3259,15.8,4.25,6269,16.17,3.39
revol_util,8,"(94.75, inf)",-0.245,1552,9140,16.98,2.98,2250,15.78,2.93,5724,16.93,3.1
total_acc,0,"(-inf, 9.5]",-0.183,3035,18822,16.12,6.13,4632,15.59,6.03,12751,16.1,6.9
total_acc,1,"(9.5, 13.5]",-0.1183,4718,30901,15.27,10.06,7757,15.65,10.11,19451,15.84,10.52
total_acc,2,"(13.5, 14.5]",-0.0893,1412,9478,14.9,3.09,2461,15.97,3.21,5823,14.89,3.15
total_acc,3,"(14.5, 17.5]",-0.0588,4586,31595,14.51,10.29,7766,14.27,10.12,18880,15.03,10.21
total_acc,4,"(17.5, 22.5]",-0.0188,7754,55288,14.02,18.01,14092,14.13,18.36,33168,14.75,17.94
total_acc,5,"(22.5, 25.5]",0.0298,4216,31346,13.45,10.21,7778,13.15,10.13,18750,14.01,10.14
total_acc,6,"(25.5, 37.5]",0.0776,11163,86520,12.9,28.18,21573,12.82,28.11,50836,14.01,27.49
total_acc,7,"(37.5, inf)",0.0925,5486,43075,12.74,14.03,10698,12.86,13.94,25253,14.9,13.66
collections_12_mths_ex_med,0,all values,0.0,42370,307025,13.8,100.0,76757,13.8,100.0,184912,14.73,100.0
mths_since_last_major_derog,0,"(-inf, 5.5]",-0.0588,245,1688,14.51,0.55,403,16.13,0.53,1126,17.94,0.61
mths_since_last_major_derog,1,"(5.5, 48.5]",-0.0607,6975,47975,14.54,15.63,11917,15.04,15.53,30850,16.73,16.68
mths_since_last_major_derog,2,"(48.5, 59.5]",-0.0957,1969,13145,14.98,4.28,3203,15.52,4.17,8142,15.98,4.4
mths_since_last_major_derog,3,"(59.5, 69.5]",-0.1656,1710,10761,15.89,3.5,2692,15.23,3.51,8209,16.63,4.44
mths_since_last_major_derog,4,"(69.5, 78.5]",-0.2109,1275,7725,16.5,2.52,1917,15.86,2.5,5968,17.46,3.23
mths_since_last_major_derog,5,"(78.5, inf)",-0.2393,397,2349,16.9,0.77,598,17.06,0.78,1711,18.0,0.93
mths_since_last_major_derog,Missing,Missing,0.0392,29799,223382,13.34,72.76,56027,13.25,72.99,128906,13.86,69.71
acc_now_delinq,0,all values,0.0,42370,307025,13.8,100.0,76757,13.8,100.0,184912,14.73,100.0
tot_coll_amt,0,"(-inf, 28.5]",0.0227,35569,262849,13.53,85.61,65739,13.59,85.65,153804,14.33,83.18
tot_coll_amt,1,"(28.5, inf)",-0.1281,6801,44176,15.4,14.39,11018,15.03,14.35,31108,16.72,16.82
tot_cur_bal,0,"(-inf, 27915.5]",-0.2077,14107,85697,16.46,27.91,21346,16.32,27.81,47479,17.22,25.68
tot_cur_bal,1,"(27915.5, 67486]",-0.1611,11273,71212,15.83,23.19,17775,15.72,23.16,44688,17.04,24.17
tot_cur_bal,2,"(67486, 98714.5]",-0.0669,3230,22100,14.62,7.2,5681,15.12,7.4,14395,15.62,7.78
tot_cur_bal,3,"(98714.5, 134044]",0.0218,2683,19811,13.54,6.45,4965,13.49,6.47,12209,14.64,6.6
tot_cur_bal,4,"(134044, 176720]",0.1352,2991,24378,12.27,7.94,6057,12.04,7.89,14196,13.05,7.68
tot_cur_bal,5,"(176720, 225120]",0.2132,2701,23581,11.45,7.68,5857,10.86,7.63,13870,11.74,7.5
tot_cur_bal,6,"(225120, 327102]",0.4109,3054,31824,9.6,10.37,8008,10.26,10.43,19280,10.79,10.43
tot_cur_bal,7,"(327102, 490018]",0.5117,1760,20099,8.76,6.55,4977,8.88,6.48,12829,10.6,6.94
tot_cur_bal,8,"(490018, inf)",0.7763,571,8323,6.86,2.71,2091,7.46,2.72,5966,8.23,3.23
total_rev_hi_lim,0,"(-inf, 6333]",-0.3241,3775,20827,18.13,6.78,5149,17.71,6.71,11885,20.05,6.43
total_rev_hi_lim,1,"(6333, 13980]",-0.1988,11306,69193,16.34,22.54,17189,16.42,22.39,36466,17.62,19.72
total_rev_hi_lim,2,"(13980, 16650.5]",-0.1358,3893,25123,15.5,8.18,6289,15.55,8.19,13787,16.16,7.46
total_rev_hi_lim,3,"(16650.5, 23952.5]",-0.0508,8025,55667,14.42,18.13,13781,14.46,17.95,31638,16.15,17.11
total_rev_hi_lim,4,"(23952.5, 31004.5]",0.0329,5109,38089,13.41,12.41,9698,13.51,12.63,23224,14.8,12.56
total_rev_hi_lim,5,"(31004.5, 39798.5]",0.1259,3872,31303,12.37,10.2,8081,12.35,10.53,19838,13.26,10.73
total_rev_hi_lim,6,"(39798.5, 53112]",0.2537,3205,29006,11.05,9.45,7244,10.49,9.44,18841,11.94,10.19
total_rev_hi_lim,7,"(53112, 92434.5]",0.4781,2519,27899,9.03,9.09,6774,9.32,8.83,20382,10.15,11.02
total_rev_hi_lim,8,"(92434.5, inf)",0.7993,666,9918,6.72,3.23,2552,7.33,3.32,8851,8.03,4.79
acc_open_past_24mths,0,"(-inf, 0.5]",0.4867,1288,14377,8.96,4.68,3668,8.72,4.78,8277,8.23,4.48
acc_open_past_24mths,1,"(0.5, 1.5]",0.3952,3072,31561,9.73,10.28,7857,9.83,10.24,18089,9.48,9.78
acc_open_past_24mths,2,"(1.5, 2.5]",0.2719,4749,43682,10.87,14.23,10820,10.85,14.1,24780,10.95,13.4
acc_open_past_24mths,3,"(2.5, 3.5]",0.1213,5981,48160,12.42,15.69,11958,12.26,15.58,26975,12.38,14.59
acc_open_past_24mths,4,"(3.5, 4.5]",-0.0122,6254,44846,13.95,14.61,11026,13.79,14.36,25283,14.04,13.67
acc_open_past_24mths,5,"(4.5, 5.5]",-0.0826,5501,37138,14.81,12.1,9274,14.73,12.08,21999,15.52,11.9
acc_open_past_24mths,6,"(5.5, 7.5]",-0.1865,7814,48317,16.17,15.74,12441,16.37,16.21,30452,17.71,16.47
acc_open_past_24mths,7,"(7.5, 9.5]",-0.3628,4295,22959,18.71,7.48,5658,18.45,7.37,15666,20.61,8.47
acc_open_past_24mths,8,"(9.5, 11.5]",-0.4748,1937,9463,20.47,3.08,2411,20.53,3.14,7349,22.51,3.97
acc_open_past_24mths,9,"(11.5, inf)",-0.6054,1479,6522,22.68,2.12,1644,24.21,2.14,6042,25.67,3.27
avg_cur_bal,0,"(-inf, 2624.5]",-0.264,12507,72502,17.25,23.61,18206,16.86,23.72,40574,18.25,21.94
avg_cur_bal,1,"(2624.5, 4397.5]",-0.1754,8162,50943,16.02,16.59,12720,16.11,16.57,30623,17.1,16.56
avg_cur_bal,2,"(4397.5, 8731.5]",-0.0785,7945,53823,14.76,17.53,13457,15.06,17.53,34821,15.86,18.83
avg_cur_bal,3,"(8731.5, 13347.5]",0.0657,4077,31273,13.04,10.19,7706,12.92,10.04,19860,13.97,10.74
avg_cur_bal,4,"(13347.5, 20988.5]",0.2191,4436,38932,11.39,12.68,9821,11.61,12.79,23156,12.09,12.52
avg_cur_bal,5,"(20988.5, 27451.5]",0.3749,2143,21618,9.91,7.04,5377,10.49,7.01,12688,10.86,6.86
avg_cur_bal,6,"(27451.5, 37294]",0.4756,1651,18244,9.05,5.94,4610,8.76,6.01,10991,9.99,5.94
avg_cur_bal,7,"(37294, 50936.5]",0.599,903,11170,8.08,3.64,2747,7.28,3.58,6818,8.71,3.69
avg_cur_bal,8,"(50936.5, inf)",0.8493,546,8520,6.41,2.78,2113,6.77,2.75,5381,8.01,2.91
bc_open_to_buy,0,"(-inf, 52.5]",-0.4338,2008,10136,19.81,3.3,2503,20.97,3.26,5901,19.73,3.19
bc_open_to_buy,1,"(52.5, 189.5]",-0.3137,2283,12703,17.97,4.14,3207,17.84,4.18,6761,18.92,3.66
bc_open_to_buy,2,"(189.5, 1015.5]",-0.2344,8157,48460,16.83,15.78,12100,16.79,15.76,24095,17.94,13.03
bc_open_to_buy,3,"(1015.5, 2400.5]",-0.166,7913,49780,15.9,16.21,12470,16.02,16.25,26076,17.43,14.1
bc_open_to_buy,4,"(2400.5, 5552.5]",-0.0376,9079,63697,14.25,20.75,15747,14.5,20.52,37624,16.2,20.35
bc_open_to_buy,5,"(5552.5, 9915.5]",0.1225,5243,42260,12.41,13.76,10658,12.75,13.89,27717,14.18,14.99
bc_open_to_buy,6,"(9915.5, 14335.5]",0.2568,2572,23341,11.02,7.6,5909,10.07,7.7,15964,12.53,8.63
bc_open_to_buy,7,"(14335.5, 20997.5]",0.3647,2010,20091,10.0,6.54,4997,10.25,6.51,14011,11.14,7.58
bc_open_to_buy,8,"(20997.5, 38251]",0.5213,1844,21244,8.68,6.92,5371,7.95,7.0,15393,9.17,8.32
bc_open_to_buy,9,"(38251, inf)",0.8778,764,12244,6.24,3.99,3071,5.89,4.0,9598,6.7,5.19
bc_open_to_buy,Missing,Missing,-0.1881,497,3069,16.19,1.0,724,15.06,0.94,1772,16.37,0.96
bc_util,0,"(-inf, 24.15]",0.2917,3254,30463,10.68,9.92,7633,10.98,9.94,23866,12.11,12.91
bc_util,1,"(24.15, 41.15]",0.199,4310,37158,11.6,12.1,9371,11.23,12.21,26992,12.73,14.6
bc_util,2,"(41.15, 53.05]",0.1102,4340,34607,12.54,11.27,8731,12.36,11.37,22376,13.71,12.1
bc_util,3,"(53.05, 63.95]",0.0351,4904,36629,13.39,11.93,8942,12.83,11.65,21321,14.53,11.53
bc_util,4,"(63.95, 84.85]",-0.0196,11334,80758,14.03,26.3,20116,14.23,26.21,43529,15.52,23.54
bc_util,5,"(84.85, 91.95]",-0.0976,4863,32414,15.0,10.56,8221,15.44,10.71,16664,15.69,9.01
bc_util,6,"(91.95, 99.65]",-0.2241,7449,44638,16.69,14.54,11209,16.53,14.6,23933,17.7,12.94
bc_util,7,"(99.65, inf)",-0.4156,1385,7094,19.52,2.31,1754,21.27,2.29,4331,19.26,2.34
bc_util,Missing,Missing,-0.1936,531,3264,16.27,1.06,780,15.13,1.02,1900,16.42,1.03
chargeoff_within_12_mths,0,all values,0.0,42370,307025,13.8,100.0,76757,13.8,100.0,184912,14.73,100.0
delinq_amnt,0,all values,0.0,42370,307025,13.8,100.0,76757,13.8,100.0,184912,14.73,100.0
mo_sin_old_il_acct,0,"(-inf, 17.5]",-0.4395,1336,6713,19.9,2.19,1662,18.71,2.17,4261,21.47,2.3
mo_sin_old_il_acct,1,"(17.5, 33.5]",-0.3325,1633,8948,18.25,2.91,2263,16.31,2.95,5938,18.27,3.21
mo_sin_old_il_acct,2,"(33.5, 54.5]",-0.2441,2481,14622,16.97,4.76,3656,17.4,4.76,9676,17.07,5.23
mo_sin_old_il_acct,3,"(54.5, 74.5]",-0.1439,2683,17196,15.6,5.6,4265,16.67,5.56,9751,15.48,5.27
mo_sin_old_il_acct,4,"(74.5, 87.5]",-0.0959,2323,15506,14.98,5.05,3833,14.17,4.99,7217,15.17,3.9
mo_sin_old_il_acct,5,"(87.5, 95.5]",-0.0503,1679,11652,14.41,3.8,2934,14.42,3.82,5896,15.62,3.19
mo_sin_old_il_acct,6,"(95.5, 131.5]",0.0228,11497,84964,13.53,27.67,21136,13.61,27.54,52188,15.04,28.22
mo_sin_old_il_acct,7,"(131.5, inf)",0.1243,16820,135786,12.39,44.23,33976,12.53,44.26,83772,13.34,45.3
mo_sin_old_il_acct,Missing,Missing,-0.2091,1918,11638,16.48,3.79,3032,15.37,3.95,6213,16.76,3.36
mo_sin_old_rev_tl_op,0,"(-inf, 52.5]",-0.5249,2600,12208,21.3,3.98,3053,22.37,3.98,9952,22.23,5.38
mo_sin_old_rev_tl_op,1,"(52.5, 85.5]",-0.2657,4268,24707,17.27,8.05,6241,17.22,8.13,11635,17.94,6.29
mo_sin_old_rev_tl_op,2,"(85.5, 99.5]",-0.1791,2970,18480,16.07,6.02,4759,15.47,6.2,8772,16.51,4.74
mo_sin_old_rev_tl_op,3,"(99.5, 120.5]",-0.102,4635,30779,15.06,10.02,7599,15.83,9.9,18604,16.99,10.06
mo_sin_old_rev_tl_op,4,"(120.5, 144.5]",-0.0412,5338,37336,14.3,12.16,9267,13.88,12.07,23480,15.78,12.7
mo_sin_old_rev_tl_op,5,"(144.5, 181.5]",0.0548,7577,57572,13.16,18.75,14650,13.17,19.09,31319,14.16,16.94
mo_sin_old_rev_tl_op,6,"(181.5, 227.5]",0.1001,6097,48188,12.65,15.7,11872,13.06,15.47,29603,13.27,16.01
mo_sin_old_rev_tl_op,7,"(227.5, 351.5]",0.2116,6843,59661,11.47,19.43,14766,10.9,19.24,38870,12.02,21.02
mo_sin_old_rev_tl_op,8,"(351.5, inf)",0.2299,2042,18094,11.29,5.89,4550,11.41,5.93,12677,12.56,6.86
mo_sin_rcnt_rev_tl_op,0,"(-inf, 1.5]",-0.2763,4378,25123,17.43,8.18,6222,18.23,8.11,15682,19.22,8.48
mo_sin_rcnt_rev_tl_op,1,"(1.5, 2.5]",-0.1857,3928,24305,16.16,7.92,6159,15.41,8.02,15357,17.72,8.31
mo_sin_rcnt_rev_tl_op,2,"(2.5, 4.5]",-0.13,6971,45204,15.42,14.72,11268,15.66,14.68,27251,16.56,14.74
mo_sin_rcnt_rev_tl_op,3,"(4.5, 8.5]",-0.0562,9741,67263,14.48,21.91,16850,13.91,21.95,38627,15.71,20.89
mo_sin_rcnt_rev_tl_op,4,"(8.5, 14.5]",0.026,8068,59789,13.49,19.47,14871,13.95,19.37,36207,14.45,19.58
mo_sin_rcnt_rev_tl_op,5,"(14.5, 16.5]",0.0904,1598,12524,12.76,4.08,3174,12.76,4.14,7459,13.7,4.03
mo_sin_rcnt_rev_tl_op,6,"(16.5, 22.5]",0.158,3030,25195,12.03,8.21,6236,11.71,8.12,15177,11.84,8.21
mo_sin_rcnt_rev_tl_op,7,"(22.5, 28.5]",0.276,1581,14595,10.83,4.75,3725,11.03,4.85,8936,10.75,4.83
mo_sin_rcnt_rev_tl_op,8,"(28.5, 57.5]",0.3946,2267,23279,9.74,7.58,5876,10.06,7.66,14610,9.62,7.9
mo_sin_rcnt_rev_tl_op,9,"(57.5, inf)",0.5717,808,9748,8.29,3.17,2376,7.91,3.1,5606,9.01,3.03
mo_sin_rcnt_tl,0,"(-inf, 1.5]",-0.268,5281,30512,17.31,9.94,7633,18.46,9.94,19771,19.23,10.69
mo_sin_rcnt_tl,1,"(1.5, 3.5]",-0.1815,10246,63625,16.1,20.72,15954,15.85,20.79,41934,17.48,22.68
mo_sin_rcnt_tl,2,"(3.5, 4.5]",-0.1009,4250,28250,15.04,9.2,6992,14.72,9.11,17603,15.51,9.52
mo_sin_rcnt_tl,3,"(4.5, 6.5]",-0.0178,6630,47313,14.01,15.41,11745,14.3,15.3,26767,14.9,14.48
mo_sin_rcnt_tl,4,"(6.5, 8.5]",0.0339,4984,37188,13.4,12.11,9328,12.3,12.15,20490,14.12,11.08
mo_sin_rcnt_tl,5,"(8.5, 12.5]",0.1493,5454,45007,12.12,14.66,11160,12.39,14.54,25500,12.65,13.79
mo_sin_rcnt_tl,6,"(12.5, 15.5]",0.2447,2010,18045,11.14,5.88,4619,11.28,6.02,11193,11.53,6.05
mo_sin_rcnt_tl,7,"(15.5, 19.5]",0.3421,1391,13624,10.21,4.44,3367,9.8,4.39,7937,10.19,4.29
mo_sin_rcnt_tl,8,"(19.5, 31.5]",0.4311,1433,15208,9.42,4.95,3907,9.73,5.09,9143,8.65,4.94
mo_sin_rcnt_tl,9,"(31.5, inf)",0.5608,691,8253,8.37,2.69,2052,8.97,2.67,4574,8.24,2.47
mort_acc,0,"(-inf, 0.5]",-0.2138,21895,132330,16.55,43.1,32810,16.61,42.75,78900,17.63,42.67
mort_acc,1,"(0.5, 1.5]",0.0366,6596,49331,13.37,16.07,12554,13.81,16.36,31254,14.12,16.9
mort_acc,2,"(1.5, 2.5]",0.1507,4897,40461,12.1,13.18,10073,11.84,13.12,26472,13.11,14.32
mort_acc,3,"(2.5, 3.5]",0.2188,3492,30639,11.4,9.98,7766,11.1,10.12,19565,11.94,10.58
mort_acc,4,"(3.5, 4.5]",0.3112,2345,22339,10.5,7.28,5620,10.89,7.32,12970,11.66,7.01
mort_acc,5,"(4.5, 6.5]",0.3551,2263,22424,10.09,7.3,5570,9.62,7.26,11791,10.3,6.38
mort_acc,6,"(6.5, inf)",0.4475,882,9501,9.28,3.09,2364,8.71,3.08,3960,9.65,2.14
mths_since_recent_bc,0,"(-inf, 2.5]",-0.2807,4534,25924,17.49,8.44,6462,17.05,8.42,16158,18.66,8.74
mths_since_recent_bc,1,"(2.5, 4.5]",-0.1792,4588,28544,16.07,9.3,7106,15.86,9.26,18328,17.36,9.91
mths_since_recent_bc,2,"(4.5, 8.5]",-0.1055,7390,48929,15.1,15.94,12376,14.79,16.12,28594,17.11,15.46
mths_since_recent_bc,3,"(8.5, 16.5]",-0.0526,9889,68491,14.44,22.31,17004,14.76,22.15,42424,15.74,22.94
mths_since_recent_bc,4,"(16.5, 22.5]",0.0523,4124,31267,13.19,10.18,7881,13.6,10.27,18933,13.4,10.24
mths_since_recent_bc,5,"(22.5, 31.5]",0.0954,3815,30030,12.7,9.78,7540,12.9,9.82,16942,12.57,9.16
mths_since_recent_bc,6,"(31.5, 50.5]",0.1796,3555,30128,11.8,9.81,7419,11.0,9.67,18760,11.94,10.15
mths_since_recent_bc,7,"(50.5, 90.5]",0.3352,2909,28314,10.27,9.22,7064,10.63,9.2,12991,10.42,7.03
mths_since_recent_bc,8,"(90.5, inf)",0.4973,1118,12601,8.87,4.1,3228,9.57,4.21,10056,9.16,5.44
mths_since_recent_bc,Missing,Missing,-0.175,448,2797,16.02,0.91,677,15.21,0.88,1726,16.92,0.93
mths_since_recent_bc_dlq,0,"(-inf, 14.5]",-0.1323,1896,12271,15.45,4.0,3021,14.43,3.94,7947,15.94,4.3
mths_since_recent_bc_dlq,1,"(14.5, 22.5]",-0.077,1305,8852,14.74,2.88,2195,14.67,2.86,5611,15.45,3.03
mths_since_recent_bc_dlq,2,"(22.5, inf)",-0.033,8203,57780,14.2,18.82,14110,14.22,18.38,34344,16.07,18.57
mths_since_recent_bc_dlq,Missing,Missing,0.0191,30966,228122,13.57,74.3,57431,13.63,74.82,137010,14.3,74.09
mths_since_recent_inq,0,"(-inf, 1.5]",-0.2502,9161,53719,17.05,17.5,13410,17.64,17.47,33809,18.92,18.28
mths_since_recent_inq,1,"(1.5, 2.5]",-0.1532,3828,24342,15.73,7.93,6031,15.54,7.86,15110,17.49,8.17
mths_since_recent_inq,2,"(2.5, 3.5]",-0.1291,3359,21799,15.41,7.1,5406,15.67,7.04,13974,17.17,7.56
mths_since_recent_inq,3,"(3.5, 4.5]",-0.0888,2994,20106,14.89,6.55,4982,14.51,6.49,12475,15.54,6.75
mths_since_recent_inq,4,"(4.5, 6.5]",-0.0291,4932,34854,14.15,11.35,8474,14.02,11.04,20175,15.02,10.91
mths_since_recent_inq,5,"(6.5, 10.5]",0.0513,6919,52412,13.2,17.07,13363,13.14,17.41,28819,14.22,15.59
mths_since_recent_inq,6,"(10.5, 16.5]",0.1334,5270,42885,12.29,13.97,10945,12.03,14.26,25007,12.72,13.52
mths_since_recent_inq,7,"(16.5, 19.5]",0.2232,1413,12446,11.35,4.05,3090,10.84,4.03,7200,11.19,3.89
mths_since_recent_inq,8,"(19.5, inf)",0.2825,1372,12739,10.77,4.15,3234,10.58,4.21,7512,10.85,4.06
mths_since_recent_inq,Missing,Missing,0.383,3122,31723,9.84,10.33,7822,10.0,10.19,20831,9.28,11.27
mths_since_recent_revol_delinq,0,"(-inf, 14.5]",-0.0835,3297,22242,14.82,7.24,5559,14.16,7.24,14519,15.55,7.85
mths_since_recent_revol_delinq,1,"(14.5, 22.5]",-0.034,2034,14314,14.21,4.66,3544,13.94,4.62,8858,15.87,4.79
mths_since_recent_revol_delinq,2,"(22.5, inf)",-0.0152,9916,70922,13.98,23.1,17430,14.15,22.71,44082,15.44,23.84
mths_since_recent_revol_delinq,Missing,Missing,0.0176,27123,199547,13.59,64.99,50224,13.63,65.43,117453,14.28,63.52
num_accts_ever_120_pd,0,"(-inf, 0.5]",0.0302,31705,235808,13.45,76.8,59180,13.37,77.1,138899,14.11,75.12
num_accts_ever_120_pd,1,"(0.5, inf)",-0.0955,10665,71217,14.98,23.2,17577,15.26,22.9,46013,16.6,24.88
num_actv_bc_tl,0,"(-inf, 2.5]",0.0592,13031,99393,13.11,32.37,24723,13.22,32.21,63883,13.75,34.55
num_actv_bc_tl,1,"(2.5, 3.5]",0.0269,9209,68297,13.48,22.24,17094,13.75,22.27,39861,14.24,21.56
num_actv_bc_tl,2,"(3.5, 4.5]",0.0081,7357,53683,13.7,17.48,13445,13.48,17.52,30086,14.93,16.27
num_actv_bc_tl,3,"(4.5, 5.5]",-0.0327,5013,35317,14.19,11.5,9042,14.17,11.78,19868,15.95,10.74
num_actv_bc_tl,4,"(5.5, 6.5]",-0.0845,3239,21832,14.84,7.11,5359,14.65,6.98,12388,15.63,6.7
num_actv_bc_tl,5,"(6.5, 7.5]",-0.1168,1885,12361,15.25,4.03,3070,15.02,4.0,7403,15.9,4.0
num_actv_bc_tl,6,"(7.5, 8.5]",-0.1748,1100,6869,16.01,2.24,1771,14.85,2.31,4546,17.8,2.46
num_actv_bc_tl,7,"(8.5, inf)",-0.2152,1536,9273,16.56,3.02,2253,16.47,2.94,6877,17.39,3.72
num_actv_rev_tl,0,"(-inf, 1.5]",0.2697,983,9024,10.89,2.94,2191,10.63,2.85,6660,12.45,3.6
num_actv_rev_tl,1,"(1.5, 2.5]",0.2013,2925,25269,11.58,8.23,6330,11.25,8.25,17390,12.42,9.4
num_actv_rev_tl,2,"(2.5, 3.5]",0.1607,5079,42336,12.0,13.79,10400,12.24,13.55,26852,12.54,14.52
num_actv_rev_tl,3,"(3.5, 4.5]",0.0898,6220,48723,12.77,15.87,12155,12.72,15.84,28856,13.58,15.61
num_actv_rev_tl,4,"(4.5, 5.5]",0.0266,6208,46031,13.49,14.99,11565,13.64,15.07,25814,14.47,13.96
num_actv_rev_tl,5,"(5.5, 7.5]",-0.0582,9736,67111,14.51,21.86,16877,14.26,21.99,37334,15.46,20.19
num_actv_rev_tl,6,"(7.5, 8.5]",-0.1265,3250,21138,15.38,6.88,5325,16.26,6.94,11907,16.99,6.44
num_actv_rev_tl,7,"(8.5, 10.5]",-0.1696,4024,25238,15.94,8.22,6383,15.6,8.32,14697,17.2,7.95
num_actv_rev_tl,8,"(10.5, 13.5]",-0.2654,2565,14852,17.27,4.84,3769,17.27,4.91,9677,18.39,5.23
num_actv_rev_tl,9,"(13.5, inf)",-0.3752,1380,7303,18.9,2.38,1762,18.79,2.3,5725,19.72,3.1
num_bc_sats,0,"(-inf, 1.5]",-0.0941,3181,21266,14.96,6.93,5318,14.89,6.93,14604,15.45,7.9
num_bc_sats,1,"(1.5, inf)",0.0073,39189,285759,13.71,93.07,71439,13.72,93.07,170308,14.67,92.1
num_bc_tl,0,"(-inf, 2.5]",-0.2203,2806,16868,16.64,5.49,4210,16.75,5.48,13771,16.43,7.45
num_bc_tl,1,"(2.5, 3.5]",-0.0994,3096,20605,15.03,6.71,5098,15.26,6.64,14978,15.4,8.1
num_bc_tl,2,"(3.5, 4.5]",-0.0415,3789,26493,14.3,8.63,6577,15.4,8.57,18089,14.79,9.78
num_bc_tl,3,"(4.5, 5.5]",-0.0239,4091,29041,14.09,9.46,7590,13.66,9.89,19260,15.16,10.42
num_bc_tl,4,"(5.5, 6.5]",-0.008,4168,29995,13.9,9.77,7500,14.08,9.77,18482,14.67,10.0
num_bc_tl,5,"(6.5, 10.5]",0.0402,13269,99548,13.33,32.42,24845,13.54,32.37,55825,14.31,30.19
num_bc_tl,6,"(10.5, 11.5]",0.0494,2203,16661,13.22,5.43,4247,13.28,5.53,9074,13.61,4.91
num_bc_tl,7,"(11.5, inf)",0.0518,8948,67814,13.19,22.09,16690,12.43,21.74,35433,14.51,19.16
num_il_tl,0,"(-inf, 0.5]",-0.2114,1926,11664,16.51,3.8,3044,15.47,3.97,6228,16.81,3.37
num_il_tl,1,"(0.5, 1.5]",-0.1122,3243,21350,15.19,6.95,5159,14.42,6.72,11973,15.63,6.47
num_il_tl,2,"(1.5, 2.5]",-0.0717,3822,26044,14.68,8.48,6600,14.45,8.6,15257,14.69,8.25
num_il_tl,3,"(2.5, 4.5]",-0.0093,7592,54576,13.91,17.78,13529,14.5,17.63,33136,14.5,17.92
num_il_tl,4,"(4.5, 8.5]",0.0195,11519,84889,13.57,27.65,21288,13.04,27.73,52445,14.37,28.36
num_il_tl,5,"(8.5, 12.5]",0.0517,6437,48776,13.2,15.89,12328,13.51,16.06,29302,14.71,15.85
num_il_tl,6,"(12.5, inf)",0.0591,7831,59726,13.11,19.45,14809,13.63,19.29,36571,14.85,19.78
num_op_rev_tl,0,"(-inf, 4.5]",0.0958,7187,56594,12.7,18.43,13951,12.71,18.18,37136,13.71,20.08
num_op_rev_tl,1,"(4.5, 6.5]",0.0326,9207,68622,13.42,22.35,17271,13.15,22.5,39622,13.92,21.43
num_op_rev_tl,2,"(6.5, 7.5]",0.0168,4571,33607,13.6,10.95,8443,13.81,11.0,18745,14.29,10.14
num_op_rev_tl,3,"(7.5, 8.5]",0.0005,4130,29941,13.79,9.75,7578,13.9,9.87,16688,14.93,9.02
num_op_rev_tl,4,"(8.5, 9.5]",-0.0173,3581,25565,14.01,8.33,6320,14.26,8.23,14316,15.42,7.74
num_op_rev_tl,5,"(9.5, 13.5]",-0.0539,8768,60660,14.45,19.76,15090,14.71,19.66,35994,15.35,19.47
num_op_rev_tl,6,"(13.5, 16.5]",-0.1047,2729,18081,15.09,5.89,4577,15.14,5.96,11790,16.45,6.38
num_op_rev_tl,7,"(16.5, inf)",-0.1545,2197,13955,15.74,4.55,3527,14.57,4.6,10621,16.84,5.74
num_rev_accts,0,"(-inf, 5.5]",-0.0972,3358,22391,15.0,7.29,5549,15.12,7.23,17310,15.53,9.36
num_rev_accts,1,"(5.5, 7.5]",-0.0631,4090,28076,14.57,9.14,6961,14.24,9.07,18586,14.91,10.05
num_rev_accts,2,"(7.5, 9.5]",-0.0182,4764,33986,14.02,11.07,8714,14.76,11.35,20898,14.96,11.3
num_rev_accts,3,"(9.5, 11.5]",0.0011,4991,36200,13.79,11.79,8958,13.99,11.67,21214,14.61,11.47
num_rev_accts,4,"(11.5, 15.5]",0.0248,8929,66101,13.51,21.53,16521,13.48,21.52,37364,14.28,20.21
num_rev_accts,5,"(15.5, inf)",0.0254,16238,120271,13.5,39.17,30054,13.3,39.15,69539,14.69,37.61
num_rev_accts,Missing,Missing,0.0,0,0,,0.0,0,,0.0,1,0.0,0.0
num_rev_tl_bal_gt_0,0,"(-inf, 2.5]",0.2216,3926,34532,11.37,11.25,8570,11.14,11.17,23959,12.42,12.96
num_rev_tl_bal_gt_0,1,"(2.5, 3.5]",0.1552,5126,42520,12.06,13.85,10456,12.24,13.62,26913,12.57,14.55
num_rev_tl_bal_gt_0,2,"(3.5, 4.5]",0.083,6300,49059,12.84,15.98,12232,12.67,15.94,28848,13.74,15.6
num_rev_tl_bal_gt_0,3,"(4.5, 5.5]",0.0273,6235,46258,13.48,15.07,11608,13.64,15.12,26172,14.39,14.15
num_rev_tl_bal_gt_0,4,"(5.5, 6.5]",-0.0413,5422,37920,14.3,12.35,9690,14.59,12.62,21311,15.11,11.52
num_rev_tl_bal_gt_0,5,"(6.5, 7.5]",-0.0769,4305,29205,14.74,9.51,7197,14.06,9.38,16417,16.16,8.88
num_rev_tl_bal_gt_0,6,"(7.5, 8.5]",-0.1263,3228,20998,15.37,6.84,5309,15.88,6.92,12051,16.84,6.52
num_rev_tl_bal_gt_0,7,"(8.5, 10.5]",-0.1716,3993,25002,15.97,8.14,6328,15.88,8.24,14743,17.1,7.97
num_rev_tl_bal_gt_0,8,"(10.5, 13.5]",-0.2586,2504,14581,17.17,4.75,3697,17.18,4.82,9430,18.07,5.1
num_rev_tl_bal_gt_0,9,"(13.5, inf)",-0.3918,1331,6950,19.15,2.26,1670,18.86,2.18,5068,20.19,2.74
num_sats,0,"(-inf, 4.5]",0.0641,1674,12822,13.06,4.18,3065,13.25,3.99,8474,13.75,4.58
num_sats,1,"(4.5, 8.5]",0.03,11792,87688,13.45,28.56,21707,13.2,28.28,51259,14.13,27.72
num_sats,2,"(8.5, 10.5]",-0.006,7790,56159,13.87,18.29,14311,13.43,18.64,31769,14.55,17.18
num_sats,3,"(10.5, 22.5]",-0.0114,19470,139708,13.94,45.5,35014,14.29,45.62,84994,15.11,45.96
num_sats,4,"(22.5, inf)",-0.1314,1644,10648,15.44,3.47,2660,14.85,3.47,8416,16.21,4.55
num_tl_120dpd_2m,0,all values,0.0079,40882,298276,13.71,97.15,74557,13.7,97.13,173651,14.51,93.91
num_tl_120dpd_2m,Missing,Missing,-0.2469,1488,8749,17.01,2.85,2200,17.09,2.87,11261,18.2,6.09
num_tl_30dpd,0,all values,0.0,42370,307025,13.8,100.0,76757,13.8,100.0,184912,14.73,100.0
num_tl_90g_dpd_24m,0,"(-inf, 0.5]",0.0072,39632,288969,13.71,94.12,72191,13.69,94.05,173311,14.56,93.73
num_tl_90g_dpd_24m,1,"(0.5, inf)",-0.1102,2738,18056,15.16,5.88,4566,15.57,5.95,11601,17.35,6.27
num_tl_op_past_12m,0,"(-inf, 0.5]",0.3632,5527,55168,10.02,17.97,13956,10.15,18.18,32907,9.95,17.8
num_tl_op_past_12m,1,"(0.5, 1.5]",0.1738,9549,80519,11.86,26.23,19863,11.72,25.88,45768,11.94,24.75
num_tl_op_past_12m,2,"(1.5, 2.5]",-0.0197,10141,72247,14.04,23.53,17858,13.93,23.27,40778,14.43,22.05
num_tl_op_past_12m,3,"(2.5, 3.5]",-0.1581,7945,50314,15.79,16.39,12714,15.9,16.56,29429,17.2,15.92
num_tl_op_past_12m,4,"(3.5, 4.5]",-0.3255,5061,27891,18.15,9.08,7000,17.29,9.12,17367,19.23,9.39
num_tl_op_past_12m,5,"(4.5, 5.5]",-0.3402,2123,11560,18.37,3.77,3009,19.61,3.92,8844,21.22,4.78
num_tl_op_past_12m,6,"(5.5, inf)",-0.5489,2024,9326,21.7,3.04,2357,22.83,3.07,9819,23.78,5.31
pct_tl_nvr_dlq,0,"(-inf, 93.85]",-0.0504,14460,100338,14.41,32.68,24917,14.48,32.46,66171,15.72,35.79
pct_tl_nvr_dlq,1,"(93.85, 94.55]",-0.0232,1226,8708,14.08,2.84,2171,13.13,2.83,5035,15.95,2.72
pct_tl_nvr_dlq,2,"(94.55, 95.85]",0.0257,2368,17544,13.5,5.71,4330,13.95,5.64,10846,15.19,5.87
pct_tl_nvr_dlq,3,"(95.85, inf)",0.0275,24316,180435,13.48,58.77,45339,13.44,59.07,102860,13.99,55.63
percent_bc_gt_75,0,"(-inf, 15.7]",0.2785,7277,67329,10.81,21.93,16781,10.8,21.86,52371,12.02,28.32
percent_bc_gt_75,1,"(15.7, 29.7]",0.1619,3889,32451,11.98,10.57,8223,11.98,10.71,20714,13.73,11.2
percent_bc_gt_75,2,"(29.7, 35.15]",0.067,2926,22469,13.02,7.32,5518,12.67,7.19,13087,14.03,7.08
percent_bc_gt_75,3,"(35.15, 52.5]",-0.0022,7206,52120,13.83,16.98,13025,13.93,16.97,28769,15.22,15.56
percent_bc_gt_75,4,"(52.5, 68.3]",-0.09,5456,36602,14.91,11.92,9254,14.46,12.06,18343,16.43,9.92
percent_bc_gt_75,5,"(68.3, 75.75]",-0.1466,2561,16377,15.64,5.33,4066,15.89,5.3,7755,16.75,4.19
percent_bc_gt_75,6,"(75.75, 82.1]",-0.2005,1301,7951,16.36,2.59,2010,15.77,2.62,3632,19.52,1.96
percent_bc_gt_75,7,"(82.1, inf)",-0.2034,11241,68530,16.4,22.32,17120,16.74,22.3,38262,17.09,20.69
percent_bc_gt_75,Missing,Missing,-0.1776,513,3196,16.05,1.04,760,15.13,0.99,1979,16.62,1.07
pub_rec_bankruptcies,0,"(-inf, 0.5]",0.0218,36276,267861,13.54,87.24,66896,13.46,87.15,161606,14.26,87.4
pub_rec_bankruptcies,1,"(0.5, inf)",-0.1407,6094,39164,15.56,12.76,9861,16.08,12.85,23306,18.03,12.6
tax_liens,0,"(-inf, 0.5]",0.0028,40941,297385,13.77,96.86,74329,13.76,96.84,177166,14.65,95.81
tax_liens,1,"(0.5, inf)",-0.0835,1429,9640,14.82,3.14,2428,14.99,3.16,7746,16.71,4.19
tot_hi_cred_lim,0,"(-inf, 34377.5]",-0.2979,10202,57511,17.74,18.73,14255,17.91,18.57,29504,18.95,15.96
tot_hi_cred_lim,1,"(34377.5, 52023.5]",-0.212,6878,41632,16.52,13.56,10376,16.24,13.52,23847,17.61,12.9
tot_hi_cred_lim,2,"(52023.5, 67945.5]",-0.1467,4348,27800,15.64,9.05,6942,15.49,9.04,17168,16.83,9.28
tot_hi_cred_lim,3,"(67945.5, 116796]",-0.0635,6536,44848,14.57,14.61,11338,14.42,14.77,29848,15.87,16.14
tot_hi_cred_lim,4,"(116796, 175558]",0.0534,4283,32502,13.18,10.59,8173,13.42,10.65,19960,14.46,10.79
tot_hi_cred_lim,5,"(175558, 220630]",0.1648,2781,23265,11.95,7.58,5753,11.54,7.5,13562,12.01,7.33
tot_hi_cred_lim,6,"(220630, 300040]",0.319,3287,31532,10.42,10.27,7954,10.52,10.36,18868,11.42,10.2
tot_hi_cred_lim,7,"(300040, 547772]",0.4969,3451,38882,8.88,12.66,9691,9.07,12.63,25446,10.32,13.76
tot_hi_cred_lim,8,"(547772, inf)",0.8062,604,9053,6.67,2.95,2275,7.34,2.96,6709,7.87,3.63
total_bal_ex_mort,0,"(-inf, 21017.5]",-0.0841,13372,90161,14.83,29.37,22542,14.65,29.37,48633,15.3,26.3
total_bal_ex_mort,1,"(21017.5, 24657.5]",-0.0539,2871,19863,14.45,6.47,5033,14.23,6.56,10926,15.8,5.91
total_bal_ex_mort,2,"(24657.5, 48353.5]",-0.0193,14037,100040,14.03,32.58,24921,13.86,32.47,58783,15.02,31.79
total_bal_ex_mort,3,"(48353.5, 64168.5]",0.0631,4707,36023,13.07,11.73,8958,12.59,11.67,23326,14.54,12.61
total_bal_ex_mort,4,"(64168.5, 97986.5]",0.1172,4413,35406,12.46,11.53,8920,13.51,11.62,24451,13.95,13.22
total_bal_ex_mort,5,"(97986.5, 129567]",0.1551,1479,12267,12.06,4.0,3096,12.11,4.03,8995,14.12,4.86
total_bal_ex_mort,6,"(129567, inf)",0.2345,1491,13265,11.24,4.32,3287,12.53,4.28,9798,11.95,5.3
total_bc_limit,0,"(-inf, 4650.5]",-0.3134,8457,47068,17.97,15.33,11610,17.98,15.13,25491,19.47,13.79
total_bc_limit,1,"(4650.5, 8491]",-0.1986,8576,52495,16.34,17.1,13081,16.6,17.04,28421,17.78,15.37
total_bc_limit,2,"(8491, 12465]",-0.1158,7021,46082,15.24,15.01,11547,15.33,15.04,26455,16.6,14.31
total_bc_limit,3,"(12465, 17297]",0.0199,5553,40936,13.57,13.33,10307,13.78,13.43,24522,15.16,13.26
total_bc_limit,4,"(17297, 20416]",0.0788,2595,20133,12.89,6.56,5038,13.1,6.56,12276,13.91,6.64
total_bc_limit,5,"(20416, 24904]",0.1619,2626,21912,11.98,7.14,5588,11.24,7.28,13820,13.45,7.47
total_bc_limit,6,"(24904, 34501]",0.2491,3419,30815,11.1,10.04,7718,11.16,10.06,19763,11.89,10.69
total_bc_limit,7,"(34501, 41922.5]",0.3383,1488,14524,10.25,4.73,3626,10.01,4.72,9533,10.76,5.16
total_bc_limit,8,"(41922.5, 61804.5]",0.5178,1716,19706,8.71,6.42,4821,8.21,6.28,13932,9.65,7.53
total_bc_limit,9,"(61804.5, inf)",0.773,919,13354,6.88,4.35,3421,6.87,4.46,10699,7.76,5.79
total_il_high_credit_limit,0,"(-inf, 21584.5]",-0.0649,18241,125023,14.59,40.72,31081,14.44,40.49,66997,15.16,36.23
total_il_high_credit_limit,1,"(21584.5, 29566.5]",-0.0118,5330,38233,13.94,12.45,9593,14.11,12.5,22037,15.04,11.92
total_il_high_credit_limit,2,"(29566.5, 62023.5]",0.0206,12264,90462,13.56,29.46,22660,13.34,29.52,57637,14.84,31.17
total_il_high_credit_limit,3,"(62023.5, 121038]",0.1157,5192,41599,12.48,13.55,10536,12.98,13.73,29453,13.96,15.93
total_il_high_credit_limit,4,"(121038, inf)",0.2115,1343,11708,11.47,3.81,2887,12.47,3.76,8788,12.59,4.75
fico_mean,0,"(-inf, 664.5]",-0.392,5753,30035,19.15,9.78,7482,19.09,9.75,18478,20.92,9.99
fico_mean,1,"(664.5, 669.5]",-0.3048,5216,29237,17.84,9.52,7142,18.59,9.3,17164,19.66,9.28
fico_mean,2,"(669.5, 674.5]",-0.2709,5062,29178,17.35,9.5,7328,17.43,9.55,16846,18.54,9.11
fico_mean,3,"(674.5, 684.5]",-0.1962,8219,50412,16.3,16.42,12596,15.57,16.41,28967,17.82,15.67
fico_mean,4,"(684.5, 689.5]",-0.0947,3237,21629,14.97,7.04,5477,15.01,7.14,12267,15.64,6.63
fico_mean,5,"(689.5, 699.5]",0.0217,5344,39455,13.54,12.85,9740,13.59,12.69,22339,14.41,12.08
fico_mean,6,"(699.5, 714.5]",0.248,4832,43508,11.11,14.17,10875,11.89,14.17,26245,12.29,14.19
fico_mean,7,"(714.5, 729.5]",0.4619,2487,27142,9.16,8.84,6777,8.57,8.83,17002,9.86,9.19
fico_mean,8,"(729.5, 764.5]",0.7807,1709,25013,6.83,8.15,6496,6.91,8.46,17054,7.53,9.22
fico_mean,9,"(764.5, inf)",1.2286,511,11416,4.48,3.72,2844,4.54,3.71,8550,4.56,4.62
credit_history_months,0,"(-inf, 56.5]",-0.3739,1196,6336,18.88,2.06,1588,19.9,2.07,4387,19.63,2.37
credit_history_months,1,"(56.5, 83.5]",-0.2841,2578,14698,17.54,4.79,3756,17.39,4.89,6762,17.7,3.66
credit_history_months,2,"(83.5, 136.5]",-0.1456,9628,61616,15.63,20.07,15165,15.61,19.76,35683,17.03,19.3
credit_history_months,3,"(136.5, 146.5]",-0.0754,2512,17063,14.72,5.56,4289,14.53,5.59,9935,16.38,5.37
credit_history_months,4,"(146.5, 186.5]",-0.0024,9622,69578,13.83,22.66,17775,13.93,23.16,39651,15.02,21.44
credit_history_months,5,"(186.5, 225.5]",0.0738,6040,46657,12.95,15.2,11581,13.25,15.09,28262,13.8,15.28
credit_history_months,6,"(225.5, 346.5]",0.1658,8322,69676,11.94,22.69,17230,11.63,22.45,45064,12.63,24.37
credit_history_months,7,"(346.5, inf)",0.2037,2472,21401,11.55,6.97,5373,11.5,7.0,15168,12.74,8.2
emp_length_yrs,0,"(-inf, 0.5]",-0.0522,3512,24333,14.43,7.93,6116,15.04,7.97,15742,14.99,8.51
emp_length_yrs,1,"(0.5, 1.5]",-0.0449,2867,19989,14.34,6.51,4906,13.92,6.39,12572,15.42,6.8
emp_length_yrs,2,"(1.5, 9.5]",0.0015,20428,148213,13.78,48.27,37216,13.86,48.49,84177,14.61,45.52
emp_length_yrs,3,"(9.5, inf)",0.1259,11972,96783,12.37,31.52,24064,12.27,31.35,59402,13.18,32.12
emp_length_yrs,Missing,Missing,-0.4631,3591,17707,20.28,5.77,4455,19.75,5.8,13019,21.59,7.04
loan_to_income,0,"(-inf, 0.0416562]",0.4216,852,8965,9.5,2.92,2293,9.42,2.99,6612,10.71,3.58
loan_to_income,1,"(0.0416562, 0.151415]",0.1735,12757,107538,11.86,35.03,26720,11.96,34.81,68578,13.03,37.09
loan_to_income,2,"(0.151415, 0.196894]",0.0957,6318,49745,12.7,16.2,12497,12.76,16.28,29282,13.91,15.84
loan_to_income,3,"(0.196894, 0.236849]",0.0171,5332,39212,13.6,12.77,9858,13.79,12.84,22678,14.79,12.26
loan_to_income,4,"(0.236849, 0.270199]",-0.0726,3925,26725,14.69,8.7,6590,14.73,8.59,15121,15.4,8.18
loan_to_income,5,"(0.270199, 0.286164]",-0.1188,1698,11116,15.28,3.62,2733,15.08,3.56,6040,16.24,3.27
loan_to_income,6,"(0.286164, 0.330187]",-0.2491,3898,22877,17.04,7.45,5758,16.34,7.5,12535,17.3,6.78
loan_to_income,7,"(0.330187, inf)",-0.3546,7590,40847,18.58,13.3,10308,18.46,13.43,24063,19.48,13.01
loan_to_income,Missing,Missing,0.0,0,0,,0.0,0,,0.0,3,66.67,0.0
payment_to_income,0,"(-inf, 0.0179363]",0.4658,957,10481,9.13,3.41,2670,9.1,3.48,8055,9.88,4.36
payment_to_income,1,"(0.0179363, 0.0375496]",0.2606,4478,40777,10.98,13.28,10009,11.2,13.04,28201,12.46,15.25
payment_to_income,2,"(0.0375496, 0.0608747]",0.1942,7816,67099,11.65,21.85,16768,11.61,21.85,42118,12.73,22.78
payment_to_income,3,"(0.0608747, 0.0785622]",0.1082,6236,49639,12.56,16.17,12616,12.57,16.44,29580,13.63,16.0
payment_to_income,4,"(0.0785622, 0.0960362]",0.0135,5579,40902,13.64,13.32,10216,14.22,13.31,23420,14.97,12.67
payment_to_income,5,"(0.0960362, 0.113384]",-0.0845,4672,31489,14.84,10.26,7738,14.23,10.08,17032,16.33,9.21
payment_to_income,6,"(0.113384, 0.122932]",-0.1944,2191,13459,16.28,4.38,3272,16.44,4.26,7168,16.87,3.88
payment_to_income,7,"(0.122932, 0.138913]",-0.3161,3432,19060,18.01,6.21,4839,17.15,6.3,9864,17.95,5.33
payment_to_income,8,"(0.138913, 0.148546]",-0.4121,1830,9400,19.47,3.06,2454,18.38,3.2,4912,19.81,2.66
payment_to_income,9,"(0.148546, inf)",-0.5041,5179,24719,20.95,8.05,6175,21.41,8.04,14559,22.61,7.87
payment_to_income,Missing,Missing,0.0,0,0,,0.0,0,,0.0,3,66.67,0.0
home_ownership,0,OTHER | MORTGAGE,0.2351,16236,144528,11.23,47.07,36228,11.18,47.2,86577,12.05,46.82
home_ownership,1,OWN,-0.0672,4481,30651,14.62,9.98,7717,14.34,10.05,21414,15.66,11.58
home_ownership,2,RENT,-0.2049,21653,131846,16.42,42.94,32812,16.57,42.75,76921,17.49,41.6
verification_status,0,Not Verified,0.172,13201,111138,11.88,36.2,27738,11.95,36.14,50250,10.31,27.18
verification_status,1,Source Verified,-0.0555,15198,105006,14.47,34.2,26003,14.21,33.88,78584,14.34,42.5
verification_status,2,Verified,-0.1263,13971,90881,15.37,29.6,23016,15.56,29.99,56078,19.24,30.33
purpose,0,car | credit_card,0.1985,9095,78377,11.6,25.53,19884,11.55,25.91,50074,12.23,27.08
purpose,1,home_improvement | major_purchase,0.1245,2735,22083,12.39,7.19,5405,12.49,7.04,15660,13.79,8.47
purpose,2,debt_consolidation | OTHER | vacation,-0.0499,26244,182194,14.4,59.34,45355,14.49,59.09,102725,15.59,55.55
purpose,3,other | medical,-0.211,3006,18211,16.51,5.93,4560,16.12,5.94,12834,16.86,6.94
purpose,4,house | moving | small_business,-0.5035,1290,6160,20.94,2.01,1553,20.28,2.02,3619,21.64,1.96
addr_state,0,NH | DC | VT | WV | KS,0.3821,711,7219,9.85,2.35,1772,10.84,2.31,3968,11.06,2.15
addr_state,1,MT | WY | WA | CO | SC,0.2448,2086,18730,11.14,6.1,4659,11.72,6.07,10533,11.41,5.7
addr_state,2,OR | IL,0.1809,1956,16596,11.79,5.41,4194,11.56,5.46,9661,12.55,5.22
addr_state,3,MA | GA | WI | CT | UT,0.1371,3332,27203,12.25,8.86,6823,12.15,8.89,16747,12.52,9.06
addr_state,4,AK | TX | AZ | RI,0.0484,4502,34016,13.23,11.08,8518,13.32,11.1,21334,15.07,11.54
addr_state,5,HI | MI | DE | MD | PA | NJ | ... (+5),-0.0156,15115,108070,13.99,35.2,26799,13.96,34.91,62697,15.05,33.91
addr_state,6,VA | OH,-0.0583,2671,18410,14.51,6.0,4605,14.09,6.0,10820,14.25,5.85
addr_state,7,MO | NM | LA | FL | NY | TN,-0.1236,9463,61699,15.34,20.1,15621,15.19,20.35,37996,15.98,20.55
addr_state,8,SD | AR | AL,-0.1929,1050,6458,16.26,2.1,1682,16.65,2.19,3959,18.64,2.14
addr_state,9,OK | NV | MS | OTHER,-0.261,1484,8624,17.21,2.81,2084,17.32,2.72,7197,17.87,3.89
initial_list_status,0,w,0.0889,16580,129776,12.78,42.27,32498,12.95,42.34,125944,13.53,68.11
initial_list_status,1,f,-0.0617,25790,177249,14.55,57.73,44259,14.42,57.66,58968,17.3,31.89
